Date,FiscDayOfSeason,Season,y,bd,snow72,acres,alt,window,ds
11/24/2013,22,2013/14,7.791935957,23.00001242,6,412,69,92,1/3/2010
11/23/2014,22,2014/15,8.243282523,22.00001188,6,773,63.33333333,88,5/30/2010
11/22/2015,22,2015/16,8.227375507,18.00000972,7,1258,93,115,10/24/2010
11/27/2016,22,2016/17,6.549650742,18.00000972,0,78,110,116,3/20/2011
11/26/2017,22,2017/18,6.109247583,18.00000972,0,45,113,121,8/14/2011
11/25/2018,22,2018/19,8.362642432,35.0000189,15,1621,159,167,1/8/2012
11/25/2013,23,2013/14,7.317212408,23.00001242,3,412,69,92,1/4/2010
11/24/2014,23,2014/15,7.757906208,24.00001296,14,1171,69,81,5/31/2010
11/23/2015,23,2015/16,7.610357618,23.00001242,6,1258,100,125,10/25/2010
11/28/2016,23,2016/17,6.29156914,18.00000972,5,130,110,116,3/21/2011
11/27/2017,23,2017/18,5.318119994,18.00000972,0,45,107,135,8/15/2011
11/26/2018,23,2018/19,6.937314081,32.00001728,12,1621,135,167,1/9/2012
11/26/2013,24,2013/14,7.322510434,22.00001188,1,423,61.33333333,92,1/5/2010
11/25/2014,24,2014/15,7.737616283,27.00001458,22,1314,69,98,6/1/2010
11/24/2015,24,2015/16,7.583756301,18.00000972,0,1258,93,125,10/26/2010
11/29/2016,24,2016/17,6.338594078,18.00000972,8,130,116,116,3/22/2011
11/28/2017,24,2017/18,5.472270674,18.00000972,0,45,113,135,8/16/2011
11/27/2018,24,2018/19,6.82437367,31.00001674,9,1621,135,167,1/10/2012
11/27/2013,25,2013/14,7.280008253,22.00001188,1,654,64,96,1/6/2010
11/26/2014,25,2014/15,7.760893196,29.00001566,25,1314,61.33333333,112,6/2/2010
11/25/2015,25,2015/16,7.493317249,18.00000972,0,1258,108,129,10/27/2010
11/30/2016,25,2016/17,6.603943825,18.00000972,9,331,120,129,3/23/2011
11/29/2017,25,2017/18,5.38907173,18.00000972,0,45,121,135,8/17/2011
11/28/2018,25,2018/19,6.530877628,29.00001566,0,1621,142,167,1/11/2012
11/28/2013,26,2013/14,7.659642955,22.00001188,0,654,61.33333333,96,1/7/2010
11/27/2014,26,2014/15,7.981733287,28.00001512,17,2706,61.33333333,118,6/3/2010
11/26/2015,26,2015/16,7.937374696,22.00001188,1,1258,101,129,10/28/2010
12/1/2016,26,2016/17,6.606650186,18.00000972,4,480,109,129,3/24/2011
11/30/2017,26,2017/18,5.525452939,18.00000972,0,45,121,135,8/18/2011
11/29/2018,26,2018/19,7.173191742,33.00001782,4,3532,135,167,1/12/2012
11/29/2013,27,2013/14,7.584264818,22.00001188,0,803,69,96,1/8/2010
11/28/2014,27,2014/15,7.869783903,27.00001458,9,2706,61.33333333,118,6/4/2010
11/27/2015,27,2015/16,7.877776333,23.00001242,2,1258,108,129,10/29/2010
12/2/2016,27,2016/17,7.022868086,18.00000972,2,480,126,145,3/25/2011
12/1/2017,27,2017/18,5.308267697,18.00000972,0,45,130,135,8/19/2011
11/30/2018,27,2018/19,7.378383713,33.00001782,5,4215,135,167,1/13/2012
11/30/2013,28,2013/14,7.829630389,22.00001188,0,803,90,96,1/9/2010
11/29/2014,28,2014/15,8.014996894,25.0000135,0,3642,64,118,6/5/2010
11/28/2015,28,2015/16,8.062747901,22.00001188,4,1361,108,129,10/30/2010
12/3/2016,28,2016/17,8.058960018,18.00000972,4,1072,138,145,3/26/2011
12/2/2017,28,2017/18,6.298949247,18.00000972,0,57,135,135,8/20/2011
12/1/2018,28,2018/19,8.560061092,34.00001836,8,4689,135,167,1/14/2012
12/1/2013,29,2013/14,7.46221494,21.00001134,0,803,90,96,1/10/2010
11/30/2014,29,2014/15,7.689828669,20.0000108,0,3642,64,118,6/6/2010
11/29/2015,29,2015/16,7.892078421,24.00001296,8,1361,101,129,10/31/2010
12/4/2016,29,2016/17,8.051340933,18.00000972,5,1285,126,145,3/27/2011
12/3/2017,29,2017/18,6.124683391,18.00000972,0,57,130,135,8/21/2011
12/2/2018,29,2018/19,8.480114183,40.0000216,14,4782,135,167,1/15/2012
12/2/2013,30,2013/14,6.428105273,21.00001134,0,803,90,96,1/11/2010
12/1/2014,30,2014/15,6.64898455,24.00001296,1,3642,64,118,6/7/2010
11/30/2015,30,2015/16,7.241366283,31.00001674,14,1361,101,140,11/1/2010
12/5/2016,30,2016/17,6.601230119,18.00000972,4,1285,120,145,3/28/2011
12/4/2017,30,2017/18,5.730099783,18.00000972,2,71,130,135,8/22/2011
12/3/2018,30,2018/19,7.090909822,40.0000216,14,4924,135,167,1/16/2012
12/3/2013,31,2013/14,6.363028104,21.00001134,0,803,90,96,1/12/2010
12/2/2014,31,2014/15,6.848005275,23.00001242,1,3642,70,118,6/8/2010
12/1/2015,31,2015/16,6.921658184,23.00001242,13,1361,113,140,11/2/2010
12/6/2016,31,2016/17,7.188412736,18.00000972,7,1285,120,151,3/29/2011
12/5/2017,31,2017/18,5.697093487,18.00000972,2,71,125,135,8/23/2011
12/4/2018,31,2018/19,7.170119543,40.0000216,16,4924,128,167,1/17/2012
12/4/2013,32,2013/14,7.476472381,28.00001512,5,803,90,96,1/13/2010
12/3/2014,32,2014/15,6.697034248,22.00001188,1,3642,70,118,6/9/2010
12/2/2015,32,2015/16,7.016609684,23.00001242,8,1361,113,140,11/3/2010
12/7/2016,32,2016/17,7.514254653,18.00000972,13,1285,120,151,3/30/2011
12/6/2017,32,2017/18,5.455321115,18.00000972,2,71,130,135,8/24/2011
12/5/2018,32,2018/19,7.031741259,38.00002052,6,4980,128,167,1/18/2012
12/5/2013,33,2013/14,6.929516771,30.0000162,12,803,90,96,1/14/2010
12/4/2014,33,2014/15,6.799055862,21.00001134,0,3642,71,108,6/10/2010
12/3/2015,33,2015/16,7.070724107,25.0000135,1,1802,113,140,11/4/2010
12/8/2016,33,2016/17,6.940222469,22.00001188,14,1285,120,151,3/31/2011
12/7/2017,33,2017/18,5.402677382,18.00000972,0,71,124,135,8/25/2011
12/6/2018,33,2018/19,7.13089883,38.00002052,8,5008,135,157,1/19/2012
12/6/2013,34,2013/14,6.897704943,30.0000162,12,1216,90,109,1/15/2010
12/5/2014,34,2014/15,7.221105098,20.0000108,0,4353,72,127,6/11/2010
12/4/2015,34,2015/16,7.473637108,25.0000135,0,2000,120,140,11/5/2010
12/9/2016,34,2016/17,7.862882035,26.00001404,14,1285,126,151,4/1/2011
12/8/2017,34,2017/18,6.198478716,18.00000972,3,71,130,135,8/26/2011
12/7/2018,34,2018/19,7.777792626,41.00002214,8,5008,135,167,1/20/2012
12/7/2013,35,2013/14,7.965545573,29.00001566,7,1422,90,109,1/16/2010
12/6/2014,35,2014/15,8.140898461,20.0000108,0,4353,72,127,6/12/2010
12/5/2015,35,2015/16,8.30498958,24.00001296,0,2000,120,140,11/6/2010
12/10/2016,35,2016/17,8.677780256,25.0000135,9,3360,127,161,4/2/2011
12/9/2017,35,2017/18,6.91671502,18.00000972,3,90,130,135,8/27/2011
12/8/2018,35,2018/19,8.58634605,39.00002106,10,5008,135,167,1/21/2012
12/8/2013,36,2013/14,7.948738455,30.0000162,4,1422,76.5,109,1/17/2010
12/7/2014,36,2014/15,7.813591553,20.0000108,0,4353,72.33333333,127,6/13/2010
12/6/2015,36,2015/16,8.154500175,28.00001512,3,2000,113,140,11/7/2010
12/11/2016,36,2016/17,8.580355766,25.0000135,11,3360,134,161,4/3/2011
12/10/2017,36,2017/18,6.453624999,18.00000972,3,90,125,135,8/28/2011
12/9/2018,36,2018/19,8.26821888,38.00002052,8,5008,135,167,1/22/2012
12/9/2013,37,2013/14,6.711740395,32.00001728,6,1422,76.5,109,1/18/2010
12/8/2014,37,2014/15,6.910750788,20.0000108,0,4353,81.75,116,6/14/2010
12/7/2015,37,2015/16,6.882437471,27.00001458,3,2000,106,140,11/8/2010
12/12/2016,37,2016/17,7.214504414,25.0000135,6,3360,134,161,4/4/2011
12/11/2017,37,2017/18,5.659482216,18.00000972,0,102,124,135,8/29/2011
12/10/2018,37,2018/19,7.11395611,39.00002106,4,5008,135,167,1/23/2012
12/10/2013,38,2013/14,6.852242569,32.00001728,7,1422,76.5,109,1/19/2010
12/9/2014,38,2014/15,6.950814768,20.0000108,0,4353,84,127,6/15/2010
12/8/2015,38,2015/16,6.894670039,26.00001404,3,2000,106,140,11/9/2010
12/13/2016,38,2016/17,7.148345744,24.00001296,4,3360,134,161,4/5/2011
12/12/2017,38,2017/18,5.638354669,18.00000972,0,102,124,135,8/30/2011
12/11/2018,38,2018/19,6.987490247,37.00001998,2,5008,135,167,1/24/2012
12/11/2013,39,2013/14,7.136483209,32.00001728,3,1422,76.5,109,1/20/2010
12/10/2014,39,2014/15,6.923628628,20.0000108,0,4353,81.75,127,6/16/2010
12/9/2015,39,2015/16,6.921658184,25.0000135,0,2000,106,140,11/10/2010
12/14/2016,39,2016/17,7.267525428,24.00001296,2,4016,134,161,4/6/2011
12/13/2017,39,2017/18,5.929589143,18.00000972,0,238,124,135,8/31/2011
12/12/2018,39,2018/19,6.958448393,36.00001944,1,5008,135,167,1/25/2012
12/12/2013,40,2013/14,7.198931241,32.00001728,1,1422,76.5,109,1/21/2010
12/11/2014,40,2014/15,6.972606251,19.00001026,0,4353,84,127,6/17/2010
12/10/2015,40,2015/16,7.047517221,25.0000135,0,3078,113,140,11/11/2010
12/15/2016,40,2016/17,7.550661243,28.00001512,5,4016,134,161,4/7/2011
12/14/2017,40,2017/18,6.326149473,18.00000972,1,263,124,135,9/1/2011
12/13/2018,40,2018/19,7.490529402,36.00001944,3,5008,135,167,1/26/2012
12/13/2013,41,2013/14,7.573531263,32.00001728,0,2044,76.5,109,1/22/2010
12/12/2014,41,2014/15,7.26961675,19.00001026,0,4353,81.75,127,6/18/2010
12/11/2015,41,2015/16,7.489412084,24.00001296,0,3078,113,140,11/12/2010
12/16/2016,41,2016/17,7.750614733,28.00001512,6,4016,138,161,4/8/2011
12/15/2017,41,2017/18,6.54534966,18.00000972,1,263,130,159,9/2/2011
12/14/2018,41,2018/19,7.67971364,36.00001944,3,5008,145,179,1/27/2012
12/14/2013,42,2013/14,8.508152447,32.00001728,0,2591,76.5,129,1/23/2010
12/13/2014,42,2014/15,8.213923596,19.00001026,0,4353,72.66666667,135,6/19/2010
12/12/2015,42,2015/16,8.655911111,25.0000135,2,3078,120,149,11/13/2010
12/17/2016,42,2016/17,8.668196065,38.00002052,15,4016,142,179,4/9/2011
12/16/2017,42,2017/18,7.530479995,18.00000972,1,309,132,159,9/3/2011
12/15/2018,42,2018/19,8.606119401,36.00001944,3,5008,145,179,1/28/2012
12/15/2013,43,2013/14,8.274102002,30.0000162,0,2591,79.05,129,1/24/2010
12/14/2014,43,2014/15,8.301769763,24.00001296,5,4353,81.75,135,6/20/2010
12/13/2015,43,2015/16,8.273081334,28.00001512,4,3078,120,149,11/14/2010
12/18/2016,43,2016/17,8.139440522,36.00001944,13,4016,142,179,4/10/2011
12/17/2017,43,2017/18,7.356279877,18.00000972,0,309,132,159,9/4/2011
12/16/2018,43,2018/19,8.25244609,35.0000189,0,5008,145,179,1/29/2012
12/16/2013,44,2013/14,7.151485464,29.00001566,0,2591,79.05,129,1/25/2010
12/15/2014,44,2014/15,7.876258882,32.00001728,16,4353,84,111,6/21/2010
12/14/2015,44,2015/16,7.207859871,27.00001458,4,3078,121,149,11/15/2010
12/19/2016,44,2016/17,7.77569575,36.00001944,12,4566,142,169,4/11/2011
12/18/2017,44,2017/18,6.311734809,18.00000972,0,309,132,159,9/5/2011
12/17/2018,44,2018/19,7.085901464,35.0000189,0,5008,138,179,1/30/2012
12/17/2013,45,2013/14,7.183870715,28.00001512,0,2591,76,129,1/26/2010
12/16/2014,45,2014/15,7.365812837,31.00001674,18,4353,86,111,6/22/2010
12/15/2015,45,2015/16,7.617267814,30.0000162,7,3078,121,149,11/16/2010
12/20/2016,45,2016/17,7.827639546,45.0000243,2,4566,142,179,4/12/2011
12/19/2017,45,2017/18,6.533788838,18.00000972,0,309,132,159,9/6/2011
12/18/2018,45,2018/19,6.988413182,34.00001836,0,5008,145,179,1/31/2012
12/18/2013,46,2013/14,7.163946684,28.00001512,0,2591,76,129,1/27/2010
12/17/2014,46,2014/15,7.29301768,30.0000162,14,4353,93,135,6/23/2010
12/16/2015,46,2015/16,7.478734826,34.00001836,11,4135,121,149,11/17/2010
12/21/2016,46,2016/17,7.845416037,35.0000189,0,4566,142,179,4/13/2011
12/20/2017,46,2017/18,6.413458957,18.00000972,0,309,132,159,9/7/2011
12/19/2018,46,2018/19,7.280008253,37.00001998,5,5008,138,179,2/1/2012
12/19/2013,47,2013/14,7.159291905,28.00001512,0,2591,76,129,1/28/2010
12/18/2014,47,2014/15,7.412160335,30.0000162,5,4353,135,135,6/24/2010
12/17/2015,47,2015/16,7.315883505,34.00001836,13,4135,114,149,11/18/2010
12/22/2016,47,2016/17,7.837554361,32.00001728,1,5074,142,179,4/14/2011
12/21/2017,47,2017/18,6.694562059,18.00000972,0,309,139,159,9/8/2011
12/20/2018,47,2018/19,7.757051142,43.00002322,11,5008,138,174,2/2/2012
12/20/2013,48,2013/14,7.616775809,29.00001566,1,2591,76,129,1/29/2010
12/19/2014,48,2014/15,7.875879159,32.00001728,7,5057,128,135,6/25/2010
12/18/2015,48,2015/16,7.746732908,34.00001836,9,4135,121,155,11/19/2010
12/23/2016,48,2016/17,8.362408978,36.00001944,6,5074,142,189,4/15/2011
12/22/2017,48,2017/18,7.258412151,19.00001026,3,309,140,159,9/9/2011
12/21/2018,48,2018/19,7.756623335,42.00002268,11,5008,145,199,2/3/2012
12/21/2013,49,2013/14,8.518791913,35.0000189,9,2591,76,119,1/30/2010
12/20/2014,49,2014/15,8.51318517,32.00001728,6,5057,129,135,6/26/2010
12/19/2015,49,2015/16,8.538171598,32.00001728,3,4135,135,155,11/20/2010
12/24/2016,49,2016/17,8.051978079,35.0000189,6,5114,142,189,4/16/2011
12/23/2017,49,2017/18,7.526717561,18.00000972,3,421,145,149,9/10/2011
12/22/2018,49,2018/19,8.294799359,40.0000216,8,5043,153,199,2/4/2012
12/22/2013,50,2013/14,8.369620827,37.00001998,12,3295,76,119,1/31/2010
12/21/2014,50,2014/15,8.441822884,31.00001674,6,5057,130,135,6/27/2010
12/20/2015,50,2015/16,8.351374707,32.00001728,1,4135,135,155,11/21/2010
12/25/2016,50,2016/17,8.083945702,36.00001944,6,5210,142,189,4/17/2011
12/24/2017,50,2017/18,7.822444729,23.00001242,10,421,145,159,9/11/2011
12/23/2018,50,2018/19,8.38822281,42.00002268,5,5043,161,199,2/5/2012
12/23/2013,51,2013/14,8.309922989,38.00002052,20,3295,76,119,2/1/2010
12/22/2014,51,2014/15,8.488793717,39.00002106,14,5057,130,145,6/28/2010
12/21/2015,51,2015/16,8.125335087,35.0000189,5,4135,135,165,11/22/2010
12/26/2016,51,2016/17,7.950502435,36.00001944,4,5210,144,179,4/18/2011
12/25/2017,51,2017/18,7.837554361,23.00001242,11,618,145,159,9/12/2011
12/24/2018,51,2018/19,8.066835314,43.00002322,7,5043,161,199,2/6/2012
12/24/2013,52,2013/14,8.150467912,38.00002052,15,3295,94,129,2/2/2010
12/23/2014,52,2014/15,8.357024439,41.00002214,25,5057,135,140,6/29/2010
12/22/2015,52,2015/16,8.194781638,35.0000189,8,4135,135,165,11/23/2010
12/27/2016,52,2016/17,8.039802344,36.00001944,4,5210,151,179,4/19/2011
12/26/2017,52,2017/18,7.68386398,26.00001404,15,900,145,159,9/13/2011
12/25/2018,52,2018/19,8.289288323,44.00002376,8,5043,161,199,2/7/2012
12/25/2013,53,2013/14,8.411610429,38.00002052,15,3295,94,129,2/3/2010
12/24/2014,53,2014/15,8.15564927,40.0000216,24,5057,135,145,6/30/2010
12/23/2015,53,2015/16,8.499843553,42.00002268,18,4135,135,165,11/24/2010
12/28/2016,53,2016/17,7.842278779,33.00001782,3,5210,151,189,4/20/2011
12/27/2017,53,2017/18,7.73587032,25.0000135,8,1201,151,169,9/14/2011
12/26/2018,53,2018/19,7.678788998,43.00002322,5,5043,161,209,2/8/2012
12/26/2013,54,2013/14,7.791522819,38.00002052,6,3295,94,139,2/4/2010
12/25/2014,54,2014/15,8.278174291,40.0000216,12,5270,135,145,7/1/2010
12/24/2015,54,2015/16,8.13123655,41.00002214,18,4518,135,165,11/25/2010
12/29/2016,54,2016/17,8.142354277,31.00001674,0,5210,151,189,4/21/2011
12/28/2017,54,2017/18,7.694392803,23.00001242,4,1201,154,169,9/15/2011
12/27/2018,54,2018/19,7.917536354,45.0000243,6,5159,162,209,2/9/2012
12/27/2013,55,2013/14,8.046869511,36.00001944,3,3295,94,129,2/5/2010
12/26/2014,55,2014/15,7.921535632,43.00002322,9,5270,135,159,7/2/2010
12/25/2015,55,2015/16,8.270269111,40.0000216,16,5125,135,165,11/26/2010
12/30/2016,55,2016/17,8.083637203,31.00001674,0,5210,151,189,4/22/2011
12/29/2017,55,2017/18,7.701652363,23.00001242,0,1201,154,169,9/16/2011
12/28/2018,55,2018/19,7.929486523,44.00002376,3,5288,162,209,2/10/2012
12/28/2013,56,2013/14,8.151621647,34.00001836,0,3295,94,129,2/6/2010
12/27/2014,56,2014/15,8.218517577,41.00002214,15,5270,140,150,7/3/2010
12/26/2015,56,2015/16,7.964503364,42.00002268,11,5125,135,165,11/27/2010
12/31/2016,56,2016/17,8.068716193,31.00001674,0,5210,151,189,4/23/2011
12/30/2017,56,2017/18,7.738923757,22.00001188,0,1201,154,169,9/17/2011
12/29/2018,56,2018/19,8.03657341,43.00002322,4,5288,171,209,2/11/2012
12/29/2013,57,2013/14,8.105005538,36.00001944,2,3295,94,139,2/7/2010
12/28/2014,57,2014/15,7.890582535,43.00002322,15,5270,140,149,7/4/2010
12/27/2015,57,2015/16,8.030409562,40.0000216,6,5168,137,165,11/28/2010
1/1/2017,57,2016/17,8.227642708,30.0000162,0,5210,151,189,4/24/2011
12/31/2017,57,2017/18,7.557472902,22.00001188,0,1201,154,169,9/18/2011
12/30/2018,57,2018/19,8.078998259,43.00002322,2,5288,171,209,2/12/2012
12/30/2013,58,2013/14,7.869019376,35.0000189,2,4526,109,139,2/8/2010
12/29/2014,58,2014/15,7.967280179,48.00002592,14,5270,140,149,7/5/2010
12/28/2015,58,2015/16,7.843848638,40.0000216,5,5168,137,165,11/29/2010
1/2/2017,58,2016/17,8.064007347,30.0000162,0,5210,151,189,4/25/2011
1/1/2018,58,2017/18,7.470793774,21.00001134,0,1201,154,169,9/19/2011
12/31/2018,58,2018/19,7.921172722,43.00002322,5,5288,171,209,2/13/2012
12/31/2013,59,2013/14,7.835579247,34.00001836,2,4526,109,139,2/9/2010
12/30/2014,59,2014/15,7.687538766,47.00002538,10,5270,140,149,7/6/2010
12/29/2015,59,2015/16,7.829232538,38.00002052,0,5168,137,165,11/30/2010
1/3/2017,59,2016/17,7.474204806,31.00001674,1,5210,149,179,4/26/2011
1/2/2018,59,2017/18,7.170119543,21.00001134,0,1201,154,169,9/20/2011
1/1/2019,59,2018/19,8.129174997,43.00002322,5,5288,162,209,2/14/2012
1/1/2014,60,2013/14,8.385944905,35.0000189,4,4526,104,139,2/10/2010
12/31/2014,60,2014/15,8.017966703,45.0000243,10,5270,140,159,7/7/2010
12/30/2015,60,2015/16,7.934155234,40.0000216,3,5168,137,175,12/1/2010
1/4/2017,60,2016/17,7.749753406,33.00001782,4,5210,149,189,4/27/2011
1/3/2018,60,2017/18,7.139660336,21.00001134,0,1201,154,159,9/21/2011
1/2/2019,60,2018/19,7.757051142,43.00002322,4,5288,171,209,2/15/2012
1/2/2014,61,2013/14,8.364973978,38.00002052,8,4526,104,139,2/11/2010
1/1/2015,61,2014/15,8.445267452,43.00002322,3,5270,149,159,7/8/2010
12/31/2015,61,2015/16,7.958576904,41.00002214,5,5168,137,175,12/2/2010
1/5/2017,61,2016/17,8.127109185,36.00001944,7,5210,149,189,4/28/2011
1/4/2018,61,2017/18,7.192934221,21.00001134,0,1201,154,169,9/22/2011
1/3/2019,61,2018/19,7.905072849,42.00002268,1,5288,171,209,2/16/2012
1/3/2014,62,2013/14,8.307212627,37.00001998,8,4526,119,139,2/12/2010
1/2/2015,62,2014/15,8.538367427,42.00002268,0,5270,149,159,7/9/2010
1/1/2016,62,2015/16,8.365206834,39.00002106,5,5168,144,175,12/3/2010
1/6/2017,62,2016/17,8.029107055,48.00002592,14,5210,149,189,4/29/2011
1/5/2018,62,2017/18,7.242797923,21.00001134,0,1201,154,169,9/23/2011
1/4/2019,62,2018/19,8.113127104,41.00002214,0,5288,171,209,2/17/2012
1/4/2014,63,2013/14,8.885579291,39.00002106,5,4526,119,139,2/13/2010
1/3/2015,63,2014/15,8.518192692,42.00002268,1,5270,149,159,7/10/2010
1/2/2016,63,2015/16,8.600982717,38.00002052,2,5168,144,175,12/4/2010
1/7/2017,63,2016/17,8.865311633,45.0000243,11,5210,151,189,4/30/2011
1/6/2018,63,2017/18,7.980023592,21.00001134,0,1154,154,169,9/24/2011
1/5/2019,63,2018/19,8.602636673,41.00002214,0,5288,171,209,2/18/2012
1/5/2014,64,2013/14,8.090402297,40.0000216,8,4526,119,119,2/14/2010
1/4/2015,64,2014/15,8.206037763,44.00002376,5,5270,145,135,7/11/2010
1/3/2016,64,2015/16,8.125039097,38.00002052,0,5168,144,165,12/5/2010
1/8/2017,64,2016/17,8.321421587,43.00002322,10,5210,150,189,5/1/2011
1/7/2018,64,2017/18,8.586532669,29.00001566,9,1154,154,169,9/25/2011
1/6/2019,64,2018/19,8.01268093,40.0000216,0,5288,171,199,2/19/2012
1/6/2014,65,2013/14,7.62900389,40.0000216,11,4526,119,129,2/15/2010
1/5/2015,65,2014/15,7.444248649,42.00002268,5,5270,135,135,7/12/2010
1/4/2016,65,2015/16,7.596894438,37.00001998,0,5168,135,155,12/6/2010
1/9/2017,65,2016/17,7.281385664,46.00002484,6,5210,149,179,5/2/2011
1/8/2018,65,2017/18,7.183870715,28.00001512,9,1443,151,169,9/26/2011
1/7/2019,65,2018/19,7.643961949,44.00002376,5,5288,161,199,2/20/2012
1/7/2014,66,2013/14,7.462789157,39.00002106,10,4526,119,129,2/16/2010
1/6/2015,66,2014/15,7.428333194,41.00002214,4,5270,135,135,7/13/2010
1/5/2016,66,2015/16,7.347299701,37.00001998,0,5168,135,155,12/7/2010
1/10/2017,66,2016/17,7.602401336,54.00002916,15,5210,149,179,5/3/2011
1/9/2018,66,2017/18,6.853299093,28.00001512,9,1443,151,169,9/27/2011
1/8/2019,66,2018/19,7.552237288,45.0000243,7,5288,161,199,2/21/2012
1/8/2014,67,2013/14,7.479299638,40.0000216,5,4526,110,129,2/17/2010
1/7/2015,67,2014/15,7.529943371,40.0000216,0,5270,135,145,7/14/2010
1/6/2016,67,2015/16,7.268223021,36.00001944,0,5168,135,165,12/8/2010
1/11/2017,67,2016/17,7.488852956,53.00002862,17,5210,142,179,5/4/2011
1/10/2018,67,2017/18,6.91671502,26.00001404,0,1443,146,169,9/28/2011
1/9/2019,67,2018/19,7.288244401,44.00002376,7,5288,155,199,2/22/2012
1/9/2014,68,2013/14,7.716015267,44.00002376,7,4526,110,129,2/18/2010
1/8/2015,68,2014/15,7.526178913,39.00002106,0,5270,135,145,7/15/2010
1/7/2016,68,2015/16,7.504942068,37.00001998,1,5168,135,165,12/9/2010
1/12/2017,68,2016/17,7.646353722,55.0000297,15,5270,142,179,5/5/2011
1/11/2018,68,2017/18,7.522940918,29.00001566,5,1443,154,169,9/29/2011
1/10/2019,68,2018/19,7.173191742,43.00002322,2,5288,153,199,2/23/2012
1/10/2014,69,2013/14,8.103796713,46.00002484,13,4526,110,129,2/19/2010
1/9/2015,69,2014/15,7.742835955,39.00002106,0,5270,135,145,7/16/2010
1/8/2016,69,2015/16,7.82284529,38.00002052,4,5168,135,165,12/10/2010
1/13/2017,69,2016/17,7.9686657,53.00002862,7,5270,151,189,5/6/2011
1/12/2018,69,2017/18,7.638198244,29.00001566,6,1443,154,169,9/30/2011
1/11/2019,69,2018/19,7.579678823,44.00002376,3,5288,161,199,2/24/2012
1/11/2014,70,2013/14,9.207937487,449.0002425,21,4526,110,129,2/20/2010
1/10/2015,70,2014/15,8.668368019,39.00002106,0,5289,135,145,7/17/2010
1/9/2016,70,2015/16,8.865593999,40.0000216,6,5168,135,165,12/11/2010
1/14/2017,70,2016/17,8.300528606,52.00002808,4,5270,159,189,5/7/2011
1/13/2018,70,2017/18,8.415160466,35.0000189,14,2514,156,169,10/1/2011
1/12/2019,70,2018/19,8.724044746,45.0000243,5,5288,161,199,2/25/2012
1/12/2014,71,2013/14,8.083945702,49.00002646,16,4526,110,119,2/21/2010
1/11/2015,71,2014/15,7.979681302,38.00002052,0,5289,135,145,7/18/2010
1/10/2016,71,2015/16,8.415160466,43.00002322,8,5168,135,165,12/12/2010
1/15/2017,71,2016/17,8.773848885,51.00002754,3,5270,159,189,5/8/2011
1/14/2018,71,2017/18,8.714731714,33.00001782,9,2530,156,169,10/2/2011
1/13/2019,71,2018/19,8.284756593,44.00002376,5,5288,161,199,2/26/2012
1/13/2014,72,2013/14,7.97831097,55.0000297,19,4526,110,129,2/22/2010
1/12/2015,72,2014/15,7.311886164,41.00002214,4,5289,135,145,7/19/2010
1/11/2016,72,2015/16,7.266827348,43.00002322,5,5168,135,165,12/13/2010
1/16/2017,72,2016/17,7.769800996,51.00002754,4,5270,151,179,5/9/2011
1/15/2018,72,2017/18,7.56112159,32.00001728,8,3751,154,169,10/3/2011
1/14/2019,72,2018/19,7.080867897,44.00002376,2,5288,153,199,2/27/2012
1/14/2014,73,2013/14,7.543273347,54.00002916,13,4526,110,129,2/23/2010
1/13/2015,73,2014/15,7.243512975,41.00002214,4,5289,135,145,7/20/2010
1/12/2016,73,2015/16,7.319202459,41.00002214,3,5168,135,165,12/14/2010
1/17/2017,73,2016/17,7.308542798,49.00002646,3,5270,149,179,5/10/2011
1/16/2018,73,2017/18,6.91770561,31.00001674,0,4329,154,189,10/4/2011
1/15/2019,73,2018/19,7.01571242,44.00002376,0,5288,153,199,2/28/2012
1/15/2014,74,2013/14,7.832014181,53.00002862,16,4526,101.5,129,2/24/2010
1/14/2015,74,2014/15,7.44716836,40.0000216,5,5289,135,145,7/21/2010
1/13/2016,74,2015/16,7.358193753,40.0000216,0,5168,128,165,12/15/2010
1/18/2017,74,2016/17,7.310550159,48.00002592,2,5270,144,179,5/11/2011
1/17/2018,74,2017/18,6.987490247,31.00001674,0,4353,154,189,10/5/2011
1/16/2019,74,2018/19,7.063903961,42.00002268,0,5288,153,199,2/29/2012
1/16/2014,75,2013/14,7.589335823,50.000027,7,5268,101.5,129,2/25/2010
1/15/2015,75,2014/15,7.418180823,39.00002106,1,5289,135,145,7/22/2010
1/14/2016,75,2015/16,7.152268856,40.0000216,0,5168,135,165,12/16/2010
1/19/2017,75,2016/17,7.288244401,48.00002592,0,5270,142,179,5/12/2011
1/18/2018,75,2017/18,6.987490247,30.0000162,0,4353,149,189,10/6/2011
1/17/2019,75,2018/19,7.488293515,49.00002646,6,5288,153,199,3/1/2012
1/17/2014,76,2013/14,8.000684785,48.00002592,3,5268,101.5,139,2/26/2010
1/16/2015,76,2014/15,7.83715965,39.00002106,1,5289,135,159,7/23/2010
1/15/2016,76,2015/16,7.800982071,40.0000216,2,5168,144,175,12/17/2010
1/20/2017,76,2016/17,7.726212651,49.00002646,3,5270,149,179,5/13/2011
1/19/2018,76,2017/18,7.461065514,30.0000162,0,4353,154,189,10/7/2011
1/18/2019,76,2018/19,8.11342664,49.00002646,9,5288,162,209,3/2/2012
1/18/2014,77,2013/14,8.303009381,47.00002538,0,5268,101.5,139,2/27/2010
1/17/2015,77,2014/15,8.250881145,39.00002106,1,5289,149,159,7/24/2010
1/16/2016,77,2015/16,8.54422453,46.00002484,11,5168,151,175,12/18/2010
1/21/2017,77,2016/17,8.700847193,52.00002808,5,5270,149,179,5/14/2011
1/20/2018,77,2017/18,8.575273402,29.00001566,0,4612,154,189,10/8/2011
1/19/2019,77,2018/19,8.526945483,61.00003294,20,5288,171,209,3/3/2012
1/19/2014,78,2013/14,8.528330936,47.00002538,0,5289,94,139,2/28/2010
1/18/2015,78,2014/15,8.712101864,38.00002052,1,5289,149,159,7/25/2010
1/17/2016,78,2015/16,9.073833127,56.00003024,26,5168,144,175,12/19/2010
1/22/2017,78,2016/17,8.557374981,56.00003024,11,5289,142,179,5/15/2011
1/21/2018,78,2017/18,8.687273462,33.00001782,4,4612,146,189,10/9/2011
1/20/2019,78,2018/19,8.72127624,58.00003132,14,5288,171,209,3/4/2012
1/20/2014,79,2013/14,7.891704659,46.00002484,0,5289,94.5,139,3/1/2010
1/19/2015,79,2014/15,7.713337889,39.00002106,1,5289,149,149,7/26/2010
1/18/2016,79,2015/16,8.347353412,56.00003024,28,5168,144,175,12/20/2010
1/23/2017,79,2016/17,7.424761762,58.00003132,13,5289,142,179,5/16/2011
1/22/2018,79,2017/18,7.733683571,39.00002106,12,4612,146,189,10/10/2011
1/21/2019,79,2018/19,7.591861715,56.00003024,11,5288,162,209,3/5/2012
1/21/2014,80,2013/14,7.242797923,45.0000243,0,5289,94.5,129,3/2/2010
1/20/2015,80,2014/15,7.402451521,44.00002376,6,5289,140,145,7/27/2010
1/19/2016,80,2015/16,7.663877259,53.00002862,22,5201,137,165,12/21/2010
1/24/2017,80,2016/17,7.67971364,60.0000324,16,5289,142,179,5/17/2011
1/23/2018,80,2017/18,7.195937226,39.00002106,13,4683,146,189,10/11/2011
1/22/2019,80,2018/19,7.45760929,60.0000324,6,5288,155,199,3/6/2012
1/22/2014,81,2013/14,7.21964204,44.00002376,0,5289,94.5,129,3/3/2010
1/21/2015,81,2014/15,7.218909708,44.00002376,7,5289,130,145,7/28/2010
1/20/2016,81,2015/16,7.437795122,53.00002862,10,5201,135,165,12/22/2010
1/25/2017,81,2016/17,7.404887576,60.0000324,13,5289,142,179,5/18/2011
1/24/2018,81,2017/18,7.188412736,38.00002052,9,4683,146,189,10/12/2011
1/23/2019,81,2018/19,6.902742737,58.00003132,6,5288,155,199,3/7/2012
1/23/2014,82,2013/14,7.149131599,44.00002376,0,5289,77.16666667,129,3/4/2010
1/22/2015,82,2014/15,7.247792582,44.00002376,7,5289,130,145,7/29/2010
1/21/2016,82,2015/16,7.886457271,53.00002862,10,5201,135,165,12/23/2010
1/26/2017,82,2016/17,7.240649694,59.00003186,11,5289,142,179,5/19/2011
1/25/2018,82,2017/18,7.088408779,36.00001944,1,4683,146,189,10/13/2011
1/24/2019,82,2018/19,7.910590612,66.00003564,15,5288,153,199,3/8/2012
1/24/2014,83,2013/14,7.722234745,44.00002376,0,5289,59.33333333,129,3/5/2010
1/23/2015,83,2014/15,7.730614066,42.00002268,1,5289,130,145,7/30/2010
1/22/2016,83,2015/16,8.002694162,51.00002754,7,5201,135,165,12/24/2010
1/27/2017,83,2016/17,7.696212639,58.00003132,8,5289,149,179,5/20/2011
1/26/2018,83,2017/18,7.777373603,36.00001944,2,4683,154,189,10/14/2011
1/25/2019,83,2018/19,8.153061947,69.00003726,16,5288,161,199,3/9/2012
1/25/2014,84,2013/14,8.697345731,43.00002322,0,5289,59.33333333,129,3/6/2010
1/24/2015,84,2014/15,8.718009331,41.00002214,0,5289,130,145,7/31/2010
1/23/2016,84,2015/16,8.888342869,50.000027,4,5267,142,165,12/25/2010
1/28/2017,84,2016/17,8.76950712,57.00003078,5,5289,149,179,5/21/2011
1/27/2018,84,2017/18,8.692154394,38.00002052,4,4683,154,189,10/15/2011
1/26/2019,84,2018/19,8.850804196,66.00003564,17,5288,161,199,3/10/2012
1/26/2014,85,2013/14,8.191740021,43.00002322,0,5289,59.33333333,129,3/7/2010
1/25/2015,85,2014/15,8.171034189,41.00002214,0,5289,130,145,8/1/2010
1/24/2016,85,2015/16,8.116118432,49.00002646,0,5267,135,165,12/26/2010
1/29/2017,85,2016/17,8.440744019,56.00003024,2,5289,142,179,5/22/2011
1/28/2018,85,2017/18,8.221747728,36.00001944,4,4782,146,189,10/16/2011
1/27/2019,85,2018/19,8.290041619,64.00003456,9,5288,153,199,3/11/2012
1/27/2014,86,2013/14,6.877296071,43.00002322,0,5289,96.75,129,3/8/2010
1/26/2015,86,2014/15,7.376508126,41.00002214,0,5289,130,145,8/2/2010
1/25/2016,86,2015/16,7.579678823,51.00002754,4,5267,128,165,12/27/2010
1/30/2017,86,2016/17,7.34601021,54.00002916,0,5289,142,179,5/23/2011
1/29/2018,86,2017/18,7.215239979,35.0000189,2,4782,146,189,10/17/2011
1/28/2019,86,2018/19,7.003974137,61.00003294,2,5288,153,199,3/12/2012
1/28/2014,87,2013/14,7.047517221,43.00002322,0,5289,96.75,129,3/9/2010
1/27/2015,87,2014/15,7.202661197,40.0000216,0,5289,130,145,8/3/2010
1/26/2016,87,2015/16,7.473637108,53.00002862,9,5267,128,165,12/28/2010
1/31/2017,87,2016/17,7.239932591,52.00002808,0,5289,142,179,5/24/2011
1/30/2018,87,2017/18,7.065613364,35.0000189,0,4782,146,189,10/18/2011
1/29/2019,87,2018/19,7.068172,60.0000324,2,5288,153,199,3/13/2012
1/29/2014,88,2013/14,6.889591308,44.00002376,0,5289,96.75,119,3/10/2010
1/28/2015,88,2014/15,6.922643891,40.0000216,0,5289,135,135,8/4/2010
1/27/2016,88,2015/16,7.406103381,51.00002754,9,5267,128,165,12/29/2010
2/1/2017,88,2016/17,7.332369206,50.000027,0,5289,135,179,5/25/2011
1/31/2018,88,2017/18,6.866933284,34.00001836,0,4782,139,179,10/19/2011
1/30/2019,88,2018/19,7.156956365,59.00003186,1,5288,151,199,3/14/2012
1/30/2014,89,2013/14,7.736743682,47.00002538,5,5289,96.75,129,3/11/2010
1/29/2015,89,2014/15,7.177018766,39.00002106,0,5289,135,145,8/5/2010
1/28/2016,89,2015/16,7.433075349,49.00002646,5,5267,135,165,12/30/2010
2/2/2017,89,2016/17,7.063048163,52.00002808,0,5289,142,179,5/26/2011
2/1/2018,89,2017/18,6.838405201,34.00001836,0,4782,146,189,10/20/2011
1/31/2019,89,2018/19,7.239214974,57.00003078,1,5288,153,199,3/15/2012
1/31/2014,90,2013/14,8.665613197,66.00003564,26,5289,103.375,129,3/12/2010
1/30/2015,90,2014/15,7.391415235,39.00002106,0,5289,135,145,8/6/2010
1/29/2016,90,2015/16,7.704811923,48.00002592,0,5261,135,165,12/31/2010
2/3/2017,90,2016/17,7.862882035,53.00002862,2,5289,142,179,5/27/2011
2/2/2018,90,2017/18,7.585788822,34.00001836,0,4782,146,189,10/21/2011
2/1/2019,90,2018/19,7.802209316,54.00002916,0,5288,153,199,3/16/2012
2/1/2014,91,2013/14,8.848652886,68.00003672,32,5289,102,129,3/13/2010
1/31/2015,91,2014/15,8.571681377,39.00002106,0,5289,135,145,8/7/2010
1/30/2016,91,2015/16,8.634798433,47.00002538,1,5261,135,165,1/1/2011
2/4/2017,91,2016/17,8.675051276,52.00002808,2,5289,149,179,5/28/2011
2/3/2018,91,2017/18,8.623173515,34.00001836,0,4782,146,189,10/22/2011
2/2/2019,91,2018/19,8.639410824,56.00003024,0,5288,161,199,3/17/2012
2/2/2014,92,2013/14,8.23004431,66.00003564,29,5289,102,129,3/14/2010
2/1/2015,92,2014/15,8.29654652,41.00002214,3,5289,135,145,8/8/2010
1/31/2016,92,2015/16,8.86418137,55.0000297,12,5261,135,165,1/2/2011
2/5/2017,92,2016/17,8.394573478,50.000027,2,5289,142,179,5/29/2011
2/4/2018,92,2017/18,8.127404563,33.00001782,0,4782,146,189,10/23/2011
2/3/2019,92,2018/19,8.099857911,55.0000297,0,5288,153,199,3/18/2012
2/3/2014,93,2013/14,7.190676034,64.00003456,8,5289,102,129,3/15/2010
2/2/2015,93,2014/15,7.094234846,41.00002214,3,5289,135,145,8/9/2010
2/1/2016,93,2015/16,7.913155186,57.00003078,17,5261,128,165,1/3/2011
2/6/2017,93,2016/17,6.96979067,49.00002646,0,5289,142,179,5/30/2011
2/5/2018,93,2017/18,6.876264612,34.00001836,0,4782,146,189,10/24/2011
2/4/2019,93,2018/19,7.280008253,56.00003024,2,5288,153,199,3/19/2012
2/4/2014,94,2013/14,7.245655068,64.00003456,4,5289,102,129,3/16/2010
2/3/2015,94,2014/15,7.193685818,44.00002376,9,5289,135,145,8/10/2010
2/2/2016,94,2015/16,8.30028019,65.0000351,28,5289,128,165,1/4/2011
2/7/2017,94,2016/17,6.91968385,48.00002592,0,5289,142,179,5/31/2011
2/6/2018,94,2017/18,7.819636302,44.00002376,11,4782,139,189,10/25/2011
2/5/2019,94,2018/19,7.328437353,60.0000324,6,5288,153,199,3/20/2012
2/5/2014,95,2013/14,7.278628942,64.00003456,5,5289,102,129,3/17/2010
2/4/2015,95,2014/15,7.353081921,44.00002376,7,5289,135,145,8/11/2010
2/3/2016,95,2015/16,7.481555702,63.00003402,19,5289,128,165,1/5/2011
2/8/2017,95,2016/17,7.297091005,52.00002808,3,5289,135,179,6/1/2011
2/7/2018,95,2017/18,7.650644551,44.00002376,13,4782,139,189,10/26/2011
2/6/2019,95,2018/19,7.375255778,59.00003186,7,5288,153,199,3/21/2012
2/6/2014,96,2013/14,7.270312886,65.0000351,6,5289,102,129,3/18/2010
2/5/2015,96,2014/15,7.789040402,44.00002376,14,5289,135,145,8/12/2010
2/4/2016,96,2015/16,7.455298486,63.00003402,14,5289,128,155,1/6/2011
2/9/2017,96,2016/17,7.409741954,53.00002862,3,5289,142,179,6/2/2011
2/8/2018,96,2017/18,7.328437353,42.00002268,13,5054,146,189,10/27/2011
2/7/2019,96,2018/19,7.595889918,65.0000351,14,5288,153,199,3/22/2012
2/7/2014,97,2013/14,7.779885115,61.00003294,8,5289,102,129,3/19/2010
2/6/2015,97,2014/15,7.705262475,46.00002484,8,5289,135,145,8/13/2010
2/5/2016,97,2015/16,7.793174347,62.00003348,4,5289,135,165,1/7/2011
2/10/2017,97,2016/17,7.822444729,52.00002808,3,5289,149,179,6/3/2011
2/9/2018,97,2017/18,7.657282793,41.00002214,2,5054,146,189,10/28/2011
2/8/2019,97,2018/19,7.995643604,65.0000351,11,5288,153,199,3/23/2012
2/8/2014,98,2013/14,8.658519128,60.0000324,6,5289,102,129,3/20/2010
2/7/2015,98,2014/15,8.632484236,45.0000243,7,5289,135,145,8/14/2010
2/6/2016,98,2015/16,8.697345731,61.00003294,2,5289,135,165,1/8/2011
2/11/2017,98,2016/17,8.510369966,50.000027,1,5289,149,179,6/4/2011
2/10/2018,98,2017/18,8.806124483,39.00002106,0,5054,154,189,10/29/2011
2/9/2019,98,2018/19,8.674367866,63.00003402,10,5288,161,199,3/24/2012
2/9/2014,99,2013/14,8.445267452,63.00003402,11,5289,96.5,129,3/21/2010
2/8/2015,99,2014/15,8.213652703,44.00002376,0,5289,135,145,8/15/2010
2/7/2016,99,2015/16,8.201660191,59.00003186,2,5289,135,155,1/9/2011
2/12/2017,99,2016/17,8.442469645,52.00002808,5,5289,142,179,6/5/2011
2/11/2018,99,2017/18,8.691818542,46.00002484,8,5054,146,189,10/30/2011
2/10/2019,99,2018/19,8.304247465,61.00003294,1,5288,153,199,3/25/2012
2/10/2014,100,2013/14,7.752764809,66.00003564,14,5289,96.5,129,3/22/2010
2/9/2015,100,2014/15,7.264730178,44.00002376,0,5289,135,145,8/16/2010
2/8/2016,100,2015/16,7.201916318,58.00003132,0,5289,128,165,1/10/2011
2/13/2017,100,2016/17,7.00033446,52.00002808,5,5289,142,179,6/6/2011
2/12/2018,100,2017/18,7.166265974,45.0000243,8,5054,139,189,10/31/2011
2/11/2019,100,2018/19,6.898714534,60.0000324,0,5288,153,199,3/26/2012
2/11/2014,101,2013/14,7.472500745,65.0000351,14,5289,96.5,129,3/23/2010
2/10/2015,101,2014/15,6.955592608,43.00002322,0,5289,135,145,8/17/2010
2/9/2016,101,2015/16,7.273092596,57.00003078,0,5289,128,165,1/11/2011
2/14/2017,101,2016/17,7.327123292,51.00002754,4,5289,142,179,6/7/2011
2/13/2018,101,2017/18,7.428927195,47.00002538,12,5054,139,189,11/1/2011
2/12/2019,101,2018/19,7.210818453,61.00003294,2,5288,153,199,3/27/2012
2/12/2014,102,2013/14,7.161622003,65.0000351,9,5289,96.5,129,3/24/2010
2/11/2015,102,2014/15,7.252762418,46.00002484,3,5289,135,145,8/18/2010
2/10/2016,102,2015/16,7.31521839,56.00003024,0,5289,128,165,1/12/2011
2/15/2017,102,2016/17,7.245655068,51.00002754,0,5289,135,179,6/8/2011
2/14/2018,102,2017/18,7.045776577,46.00002484,4,5054,139,189,11/2/2011
2/13/2019,102,2018/19,6.814542897,60.0000324,2,5288,153,189,3/28/2012
2/13/2014,103,2013/14,7.286191715,64.00003456,4,5289,96.5,129,3/25/2010
2/12/2015,103,2014/15,7.103322063,45.0000243,3,5289,135,145,8/19/2010
2/11/2016,103,2015/16,7.370230642,56.00003024,0,5289,128,165,1/13/2011
2/16/2017,103,2016/17,7.340835554,51.00002754,0,5289,142,179,6/9/2011
2/15/2018,103,2017/18,7.228388452,45.0000243,5,5054,139,179,11/3/2011
2/14/2019,103,2018/19,7.258412151,63.00003402,6,5288,153,199,3/29/2012
2/14/2014,104,2013/14,7.971430998,65.0000351,5,5289,96.5,129,3/26/2010
2/13/2015,104,2014/15,7.845024417,44.00002376,3,5289,140,149,8/20/2010
2/12/2016,104,2015/16,7.913155186,55.0000297,0,5289,136,165,1/14/2011
2/17/2017,104,2016/17,7.643003636,51.00002754,0,5289,142,179,6/10/2011
2/16/2018,104,2017/18,8.123261319,50.000027,7,5054,154,199,11/4/2011
2/15/2019,104,2018/19,7.797291274,64.00003456,6,5288,162,209,3/30/2012
2/15/2014,105,2013/14,8.066835314,64.00003456,4,5289,96.5,139,3/27/2010
2/14/2015,105,2014/15,7.973499964,44.00002376,0,5289,149,159,8/21/2010
2/13/2016,105,2015/16,7.993619995,55.0000297,0,5289,144,175,1/15/2011
2/18/2017,105,2016/17,7.870165946,51.00002754,0,5289,144,189,6/11/2011
2/17/2018,105,2017/18,8.073714641,47.00002538,7,5054,156,199,11/5/2011
2/16/2019,105,2018/19,8.015987811,63.00003402,6,5288,162,209,3/31/2012
2/16/2014,106,2013/14,8.03592637,64.00003456,2,5289,104,139,3/28/2010
2/15/2015,106,2014/15,7.676473646,43.00002322,0,5289,149,149,8/22/2010
2/14/2016,106,2015/16,7.726653665,53.00002862,0,5289,144,175,1/16/2011
2/19/2017,106,2016/17,7.711996507,50.000027,0,5289,144,189,6/12/2011
2/18/2018,106,2017/18,8.010359589,46.00002484,6,5101,156,199,11/6/2011
2/17/2019,106,2018/19,8.078688229,69.00003726,8,5288,162,209,4/1/2012
2/17/2014,107,2013/14,7.917900586,63.00003402,0,5289,98.5,139,3/29/2010
2/16/2015,107,2014/15,7.776954403,47.00002538,4,5289,149,149,8/23/2010
2/15/2016,107,2015/16,7.911324019,56.00003024,6,5289,137,175,1/17/2011
2/20/2017,107,2016/17,7.942006808,56.00003024,6,5289,144,189,6/13/2011
2/19/2018,107,2017/18,7.67971364,45.0000243,0,5101,156,199,11/7/2011
2/18/2019,107,2018/19,7.658699558,67.00003618,6,5288,162,209,4/2/2012
2/18/2014,108,2013/14,7.467942332,63.00003402,0,5289,80.5,129,3/30/2010
2/17/2015,108,2014/15,7.375255778,49.00002646,7,5289,149,149,8/24/2010
2/16/2016,108,2015/16,7.423568444,59.00003186,10,5289,137,175,1/18/2011
2/21/2017,108,2016/17,7.218909708,54.00002916,6,5289,144,189,6/14/2011
2/20/2018,108,2017/18,7.736307097,50.000027,6,5101,149,189,11/8/2011
2/19/2019,108,2018/19,7.060476366,66.00003564,7,5288,155,209,4/3/2012
2/19/2014,109,2013/14,7.170119543,61.00003294,0,5289,108,139,3/31/2010
2/18/2015,109,2014/15,7.321849714,47.00002538,7,5289,149,159,8/25/2010
2/17/2016,109,2015/16,7.335633982,58.00003132,10,5289,137,175,1/19/2011
2/22/2017,109,2016/17,6.966024187,52.00002808,6,5289,144,189,6/15/2011
2/21/2018,109,2017/18,7.325807503,50.000027,8,5101,149,199,11/9/2011
2/20/2019,109,2018/19,7.072421901,67.00003618,3,5288,161,209,4/4/2012
2/20/2014,110,2013/14,7.33432935,64.00003456,3,5289,108,139,4/1/2010
2/19/2015,110,2014/15,7.40731771,46.00002484,3,5289,149,149,8/26/2010
2/18/2016,110,2015/16,6.909753282,56.00003024,4,5289,137,175,1/20/2011
2/23/2017,110,2016/17,7.042286172,51.00002754,0,5289,151,189,6/16/2011
2/22/2018,110,2017/18,7.175489714,49.00002646,8,5101,156,199,11/10/2011
2/21/2019,110,2018/19,7.149916836,66.00003564,3,5288,162,209,4/5/2012
2/21/2014,111,2013/14,7.849323818,63.00003402,3,5289,108,139,4/2/2010
2/20/2015,111,2014/15,7.507690078,45.0000243,0,5289,149,159,8/27/2010
2/19/2016,111,2015/16,7.784889296,58.00003132,4,5289,144,175,1/21/2011
2/24/2017,111,2016/17,7.833600224,55.0000297,3,5289,151,189,6/17/2011
2/23/2018,111,2017/18,7.779048645,50.000027,5,5261,156,199,11/11/2011
2/22/2019,111,2018/19,7.687997166,65.0000351,2,5288,162,209,4/6/2012
2/22/2014,112,2013/14,8.589699882,62.00003348,3,5289,108,139,4/3/2010
2/21/2015,112,2014/15,8.831419819,49.00002646,4,5289,149,159,8/28/2010
2/20/2016,112,2015/16,8.625688788,57.00003078,4,5289,144,175,1/22/2011
2/25/2017,112,2016/17,8.67180091,59.00003186,6,5289,159,189,6/18/2011
2/24/2018,112,2017/18,8.76013937,53.00002862,7,5261,164,199,11/12/2011
2/23/2019,112,2018/19,8.587465244,68.00003672,4,5288,171,209,4/7/2012
2/23/2014,113,2013/14,8.243282523,61.00003294,0,5289,108,129,4/4/2010
2/22/2015,113,2014/15,8.445482344,51.00002754,9,5289,149,149,8/29/2010
2/21/2016,113,2015/16,8.215006433,56.00003024,4,5289,144,165,1/23/2011
2/26/2017,113,2016/17,8.332789468,58.00003132,7,5289,151,179,6/19/2011
2/25/2018,113,2017/18,8.27614022,52.00002808,8,5289,156,189,11/13/2011
2/24/2019,113,2018/19,8.163940955,67.00003618,4,5288,162,209,4/8/2012
2/24/2014,114,2013/14,7.43543802,61.00003294,0,5289,108,129,4/5/2010
2/23/2015,114,2014/15,7.666221926,51.00002754,11,5289,145,145,8/30/2010
2/22/2016,114,2015/16,7.0800265,56.00003024,0,5289,137,165,1/24/2011
2/27/2017,114,2016/17,7.170888479,57.00003078,4,5289,144,174,6/20/2011
2/26/2018,114,2017/18,7.466799475,51.00002754,5,5288,154,189,11/14/2011
2/25/2019,114,2018/19,7.286191715,65.0000351,4,5288,155,199,4/9/2012
2/25/2014,115,2013/14,7.20489251,60.0000324,0,5289,110,129,4/6/2010
2/24/2015,115,2014/15,7.536363938,51.00002754,7,5289,145,145,8/31/2010
2/23/2016,115,2015/16,7.008505182,57.00003078,1,5289,132,165,1/25/2011
2/28/2017,115,2016/17,7.592870288,62.00003348,7,5289,144,179,6/21/2011
2/27/2018,115,2017/18,7.297091005,50.000027,1,5289,149,189,11/15/2011
2/26/2019,115,2018/19,7.267525428,64.00003456,0,5288,153,199,4/10/2012
2/26/2014,116,2013/14,7.395107547,60.0000324,1,5289,110,129,4/7/2010
2/25/2015,116,2014/15,7.21303166,51.00002754,3,5289,135,145,9/1/2010
2/24/2016,116,2015/16,7.34601021,56.00003024,1,5289,132,165,1/26/2011
3/1/2017,116,2016/17,7.773594467,65.0000351,10,5289,142,179,6/22/2011
2/28/2018,116,2017/18,7.115582126,48.00002592,0,5289,146,189,11/16/2011
2/27/2019,116,2018/19,7.197435354,63.00003402,0,5288,153,199,4/11/2012
2/27/2014,117,2013/14,7.312553498,59.00003186,1,5289,110,129,4/8/2010
2/26/2015,117,2014/15,7.880048201,56.00003024,10,5289,135,145,9/2/2010
2/25/2016,117,2015/16,7.374629015,55.0000297,1,5289,135,165,1/27/2011
3/2/2017,117,2016/17,7.593374193,63.00003402,10,5289,142,179,6/23/2011
3/1/2018,117,2017/18,7.338888134,47.00002538,0,5289,146,189,11/17/2011
2/28/2019,117,2018/19,7.145196135,63.00003402,1,5288,153,199,4/12/2012
2/28/2014,118,2013/14,7.883446354,63.00003402,5,5289,110,129,4/9/2010
2/27/2015,118,2014/15,8.275376375,61.00003294,18,5289,135,145,9/3/2010
2/26/2016,118,2015/16,7.831220215,55.0000297,0,5289,135,165,1/28/2011
3/3/2017,118,2016/17,7.934155234,63.00003402,4,5289,142,179,6/24/2011
3/2/2018,118,2017/18,7.801800402,47.00002538,0,5289,146,189,11/18/2011
3/1/2019,118,2018/19,7.588323677,67.00003618,4,5288,153,199,4/13/2012
3/1/2014,119,2013/14,8.46019947,64.00003456,6,5289,110,129,4/10/2010
2/28/2015,119,2014/15,8.865452826,59.00003186,18,5289,135,145,9/4/2010
2/27/2016,119,2015/16,8.483222672,54.00002916,0,5289,142,165,1/29/2011
3/4/2017,119,2016/17,8.648922962,61.00003294,0,5289,149,179,6/25/2011
3/3/2018,119,2017/18,8.569785642,47.00002538,0,5289,154,189,11/19/2011
3/2/2019,119,2018/19,8.515391569,69.00003726,7,5288,153,199,4/14/2012
3/2/2014,120,2013/14,8.389132521,72.00003888,15,5289,110,129,4/11/2010
3/1/2015,120,2014/15,8.51318517,60.0000324,12,5289,135,145,9/5/2010
2/28/2016,120,2015/16,8.176391597,54.00002916,0,5289,135,165,1/30/2011
3/5/2017,120,2016/17,8.100464891,60.0000324,0,5289,142,179,6/26/2011
3/4/2018,120,2017/18,8.045588281,46.00002484,0,5289,146,189,11/20/2011
3/3/2019,120,2018/19,8.538758969,81.00004374,17,5288,153,199,4/15/2012
3/3/2014,121,2013/14,7.327123292,69.00003726,11,5289,110,129,4/12/2010
3/2/2015,121,2014/15,7.572502985,60.0000324,7,5289,135,145,9/6/2010
2/29/2016,121,2015/16,6.963189986,54.00002916,0,5289,128,165,1/31/2011
3/6/2017,121,2016/17,6.688354714,59.00003186,0,5289,142,179,6/27/2011
3/5/2018,121,2017/18,7.094234846,48.00002592,3,5289,146,199,11/21/2011
3/4/2019,121,2018/19,8.072155308,96.00005184,29,5288,153,209,4/16/2012
3/4/2014,122,2013/14,7.280008253,68.00003672,9,5289,110,129,4/13/2010
3/3/2015,122,2014/15,7.870165946,61.00003294,13,5289,135,145,9/7/2010
3/1/2016,122,2015/16,6.977281342,53.00002862,0,5289,128,165,2/1/2011
3/7/2017,122,2016/17,6.956545443,58.00003132,0,5289,142,179,6/28/2011
3/6/2018,122,2017/18,7.186144305,50.000027,5,5289,146,199,11/22/2011
3/5/2019,122,2018/19,7.148345744,87.00004698,27,5288,153,209,4/17/2012
3/5/2014,123,2013/14,7.452982329,69.00003726,2,5289,110,129,4/14/2010
3/4/2015,123,2014/15,7.636269603,65.0000351,17,5289,135,145,9/8/2010
3/2/2016,123,2015/16,6.887552572,53.00002862,0,5289,128,165,2/2/2011
3/8/2017,123,2016/17,7.316548177,58.00003132,1,5289,142,179,6/29/2011
3/7/2018,123,2017/18,7.209340257,49.00002646,5,5289,149,199,11/23/2011
3/6/2019,123,2018/19,6.744059186,82.00004428,17,5288,155,209,4/18/2012
3/6/2014,124,2013/14,7.492203043,67.00003618,2,5289,110,129,4/15/2010
3/5/2015,124,2014/15,7.682021511,62.00003348,14,5289,135,145,9/9/2010
3/3/2016,124,2015/16,7.458186157,54.00002916,1,5289,128,165,2/3/2011
3/9/2017,124,2016/17,7.296413269,57.00003078,1,5289,142,179,6/30/2011
3/8/2018,124,2017/18,7.374629015,48.00002592,2,5289,156,199,11/24/2011
3/7/2019,124,2018/19,7.134093721,93.00005022,12,5288,162,209,4/19/2012
3/7/2014,125,2013/14,7.843848638,66.00003564,2,5289,110,139,4/16/2010
3/6/2015,125,2014/15,8.051659557,60.0000324,7,5289,135,159,9/10/2010
3/4/2016,125,2015/16,7.798523054,54.00002916,1,5289,135,175,2/4/2011
3/10/2017,125,2016/17,7.671360923,56.00003024,1,5289,142,179,7/1/2011
3/9/2018,125,2017/18,7.697575347,47.00002538,0,5289,156,199,11/25/2011
3/8/2019,125,2018/19,7.635786861,90.0000486,13,5288,162,209,4/20/2012
3/8/2014,126,2013/14,8.699514748,70.0000378,5,5289,86,139,4/17/2010
3/7/2015,126,2014/15,8.807322268,59.00003186,0,5289,149,159,9/11/2010
3/5/2016,126,2015/16,8.5461693,53.00002862,1,5289,144,175,2/5/2011
3/11/2017,126,2016/17,8.370315996,53.00002862,0,5289,144,189,7/2/2011
3/10/2018,126,2017/18,8.487970333,46.00002484,0,5289,156,199,11/26/2011
3/9/2019,126,2018/19,8.589885877,96.00005184,20,5288,162,209,4/21/2012
3/9/2014,127,2013/14,8.264620829,69.00003726,5,5289,86,129,4/18/2010
3/8/2015,127,2014/15,8.22684089,58.00003132,0,5289,149,149,9/12/2010
3/6/2016,127,2015/16,7.913521017,53.00002862,0,5289,144,175,2/6/2011
3/12/2017,127,2016/17,7.5416831,54.00002916,0,5289,144,179,7/3/2011
3/11/2018,127,2017/18,8.067462667,46.00002484,0,5289,156,189,11/27/2011
3/10/2019,127,2018/19,8.096817471,94.00005076,12,5288,162,209,4/22/2012
3/10/2014,128,2013/14,7.305860033,68.00003672,5,5289,86,129,4/19/2010
3/9/2015,128,2014/15,7.324489979,58.00003132,0,5289,149,159,9/13/2010
3/7/2016,128,2015/16,7.160069208,56.00003024,3,5289,137,175,2/7/2011
3/13/2017,128,2016/17,7.006695227,54.00002916,0,5289,144,179,7/4/2011
3/12/2018,128,2017/18,6.884486652,46.00002484,0,5289,156,199,11/28/2011
3/11/2019,128,2018/19,7.00488199,90.0000486,10,5288,162,199,4/23/2012
3/11/2014,129,2013/14,6.982862751,66.00003564,0,5289,86,129,4/20/2010
3/10/2015,129,2014/15,7.288927695,57.00003078,0,5289,149,159,9/14/2010
3/8/2016,129,2015/16,7.360739903,59.00003186,7,5289,137,175,2/8/2011
3/14/2017,129,2016/17,7.245655068,54.00002916,0,5289,144,189,7/5/2011
3/13/2018,129,2017/18,7.208600338,46.00002484,0,5289,156,199,11/29/2011
3/12/2019,129,2018/19,6.880384082,91.00004914,4,5288,162,209,4/24/2012
3/12/2014,130,2013/14,7.356279877,68.00003672,4,5289,86,129,4/21/2010
3/11/2015,130,2014/15,7.205635176,57.00003078,0,5289,149,159,9/15/2010
3/9/2016,130,2015/16,7.168579897,58.00003132,7,5289,137,175,2/9/2011
3/15/2017,130,2016/17,7.291656209,53.00002862,0,5289,144,189,7/6/2011
3/14/2018,130,2017/18,7.122059882,45.0000243,0,5289,149,199,11/30/2011
3/13/2019,130,2018/19,7.019296654,88.00004752,5,5288,162,209,4/25/2012
3/13/2014,131,2013/14,7.365812837,66.00003564,4,5289,86,139,4/22/2010
3/12/2015,131,2014/15,6.963189986,55.0000297,0,5289,149,149,9/16/2010
3/10/2016,131,2015/16,7.349230825,57.00003078,5,5289,137,175,2/10/2011
3/16/2017,131,2016/17,7.25981961,51.00002754,0,5289,144,189,7/7/2011
3/15/2018,131,2017/18,6.883462586,45.0000243,0,5289,149,199,12/1/2011
3/14/2019,131,2018/19,7.436027816,94.00005076,12,5288,162,209,4/26/2012
3/14/2014,132,2013/14,7.784889296,65.0000351,4,5289,86,139,4/23/2010
3/13/2015,132,2014/15,7.461640392,55.0000297,0,5289,149,159,9/17/2010
3/11/2016,132,2015/16,7.761744985,56.00003024,1,5289,144,175,2/11/2011
3/17/2017,132,2016/17,7.614805365,50.000027,0,5289,151,189,7/8/2011
3/16/2018,132,2017/18,7.452402451,48.00002592,3,5289,156,199,12/2/2011
3/15/2019,132,2018/19,7.782390336,93.00005022,11,5288,162,209,4/27/2012
3/15/2014,133,2013/14,8.285008895,65.0000351,0,5289,119,139,4/24/2010
3/14/2015,133,2014/15,8.401333305,54.00002916,0,5289,149,159,9/18/2010
3/12/2016,133,2015/16,8.167068178,54.00002916,1,5289,144,175,2/12/2011
3/18/2017,133,2016/17,8.203577737,50.000027,0,5289,151,189,7/9/2011
3/17/2018,133,2017/18,8.329416784,48.00002592,3,5289,156,199,12/3/2011
3/16/2019,133,2018/19,8.574518258,89.00004806,8,5288,162,209,4/28/2012
3/16/2014,134,2013/14,8.29654652,67.00003618,2,5289,119,129,4/25/2010
3/15/2015,134,2014/15,8.078067882,54.00002916,0,5289,149,149,9/19/2010
3/13/2016,134,2015/16,7.917171989,55.0000297,1,5289,137,175,2/13/2011
3/19/2017,134,2016/17,7.897296473,48.00002592,0,5289,151,179,7/10/2011
3/18/2018,134,2017/18,7.791109511,47.00002538,3,5289,156,189,12/4/2011
3/17/2019,134,2018/19,8.240912542,88.00004752,1,5288,162,209,4/29/2012
3/17/2014,135,2013/14,7.217443432,66.00003564,2,5289,119,129,4/26/2010
3/16/2015,135,2014/15,7.280008253,53.00002862,0,5289,149,149,9/20/2010
3/14/2016,135,2015/16,6.807934944,55.0000297,1,5289,137,175,2/14/2011
3/20/2017,135,2016/17,6.986566459,47.00002538,0,5289,144,189,7/11/2011
3/19/2018,135,2017/18,7.641564441,51.00002754,5,5289,149,199,12/5/2011
3/18/2019,135,2018/19,7.368339686,86.00004644,0,5288,162,209,4/30/2012
3/18/2014,136,2013/14,7.31986493,70.0000378,8,5289,119,139,4/27/2010
3/17/2015,136,2014/15,7.290974778,50.000027,0,5289,149,159,9/21/2010
3/15/2016,136,2015/16,7.707512195,63.00003402,10,5289,137,175,2/15/2011
3/21/2017,136,2016/17,6.905753276,45.0000243,0,5289,144,189,7/12/2011
3/20/2018,136,2017/18,7.239932591,54.00002916,7,5289,149,199,12/6/2011
3/19/2019,136,2018/19,7.284820913,84.00004536,0,5288,155,209,5/1/2012
3/19/2014,137,2013/14,7.65396918,72.00003888,12,5289,119,139,4/28/2010
3/18/2015,137,2014/15,6.573680167,49.00002646,0,5289,149,149,9/22/2010
3/16/2016,137,2015/16,7.687538766,66.00003564,13,5289,137,175,2/16/2011
3/22/2017,137,2016/17,6.899723107,45.0000243,0,5098,144,179,7/13/2011
3/21/2018,137,2017/18,7.113142109,53.00002862,7,5289,149,199,12/7/2011
3/20/2019,137,2018/19,7.46221494,83.00004482,0,5288,155,209,5/2/2012
3/20/2014,138,2013/14,7.471932078,69.00003726,12,5289,119,129,4/29/2010
3/19/2015,138,2014/15,7.010311867,50.000027,3,5289,149,159,9/23/2010
3/17/2016,138,2015/16,7.531552381,68.00003672,18,5289,137,175,2/17/2011
3/23/2017,138,2016/17,6.891625897,45.0000243,0,5098,144,189,7/14/2011
3/22/2018,138,2017/18,7.190676034,50.000027,2,5289,149,199,12/8/2011
3/21/2019,138,2018/19,7.122059882,82.00004428,0,5288,155,209,5/3/2012
3/21/2014,139,2013/14,7.69802917,67.00003618,6,5289,119,139,4/30/2010
3/20/2015,139,2014/15,7.507690078,49.00002646,3,5289,149,159,9/24/2010
3/18/2016,139,2015/16,7.964850887,70.0000378,17,5289,137,175,2/18/2011
3/24/2017,139,2016/17,7.302496424,47.00002538,2,5098,151,189,7/15/2011
3/23/2018,139,2017/18,7.058758153,49.00002646,1,5104,156,199,12/9/2011
3/22/2019,139,2018/19,7.475339237,81.00004374,0,5288,162,209,5/4/2012
3/22/2014,140,2013/14,8.297543529,66.00003564,0,5289,104,139,5/1/2010
3/21/2015,140,2014/15,8.353497099,49.00002646,3,4981,149,159,9/25/2010
3/19/2016,140,2015/16,8.747987402,68.00003672,18,5289,137,175,2/19/2011
3/25/2017,140,2016/17,8.377701213,47.00002538,2,5098,151,189,7/16/2011
3/24/2018,140,2017/18,8.535818656,61.00003294,11,5104,156,189,12/10/2011
3/23/2019,140,2018/19,8.195609567,83.00004482,1,5288,171,209,5/5/2012
3/23/2014,141,2013/14,8.515191189,66.00003564,7,5289,104,129,5/2/2010
3/22/2015,141,2014/15,8.07184315,48.00002592,0,4981,149,149,9/26/2010
3/20/2016,141,2015/16,8.471777328,66.00003564,13,5289,132,165,2/20/2011
3/26/2017,141,2016/17,7.73587032,47.00002538,3,5098,151,189,7/17/2011
3/25/2018,141,2017/18,8.199189359,56.00003024,11,5104,149,189,12/11/2011
3/24/2019,141,2018/19,7.955074273,82.00004428,1,5288,162,209,5/6/2012
3/24/2014,142,2013/14,7.901377354,70.0000378,7,5289,104,129,5/3/2010
3/23/2015,142,2014/15,7.487173694,48.00002592,0,4981,149,149,9/27/2010
3/21/2016,142,2015/16,7.815610532,64.00003456,5,5289,132,165,2/21/2011
3/27/2017,142,2016/17,7.420578905,44.00002376,1,5098,144,189,7/18/2011
3/26/2018,142,2017/18,7.558516743,54.00002916,10,5104,149,189,12/12/2011
3/25/2019,142,2018/19,7.737616283,84.00004536,4,5288,155,204,5/7/2012
3/25/2014,143,2013/14,7.871311203,70.0000378,7,5289,111.5,139,5/4/2010
3/24/2015,143,2014/15,7.476472381,50.000027,2,4981,149,159,9/28/2010
3/22/2016,143,2015/16,7.407924323,61.00003294,0,5289,132,165,2/22/2011
3/28/2017,143,2016/17,7.380255788,44.00002376,3,5098,144,189,7/19/2011
3/27/2018,143,2017/18,7.553810852,54.00002916,0,5104,149,199,12/13/2011
3/26/2019,143,2018/19,7.552762084,81.00004374,3,5288,155,209,5/8/2012
3/26/2014,144,2013/14,7.584773078,68.00003672,0,5289,111.5,129,5/5/2010
3/25/2015,144,2014/15,7.46221494,52.00002808,6,4981,149,149,9/29/2010
3/23/2016,144,2015/16,7.836369761,68.00003672,6,5289,132,175,2/23/2011
3/29/2017,144,2016/17,7.616283562,48.00002592,6,4557,144,189,7/20/2011
3/28/2018,144,2017/18,7.271703707,53.00002862,0,5104,149,189,12/14/2011
3/27/2019,144,2018/19,7.573531263,79.00004266,3,5288,155,209,5/9/2012
3/27/2014,145,2013/14,7.857093865,71.00003834,4,5289,111.5,139,5/6/2010
3/26/2015,145,2014/15,7.730614066,53.00002862,8,4981,149,149,9/30/2010
3/24/2016,145,2015/16,8.128290172,74.00003996,16,5289,132,165,2/24/2011
3/30/2017,145,2016/17,7.434257382,46.00002484,6,4557,144,189,7/21/2011
3/29/2018,145,2017/18,7.708410667,57.00003078,4,5104,149,189,12/15/2011
3/28/2019,145,2018/19,7.522400231,77.00004158,0,5288,155,209,5/10/2012
3/28/2014,146,2013/14,8.211482916,78.00004212,10,5289,119,139,5/7/2010
3/27/2015,146,2014/15,7.818430272,51.00002754,6,4981,149,159,10/1/2010
3/25/2016,146,2015/16,8.004031508,73.00003942,18,5289,132,175,2/25/2011
3/31/2017,146,2016/17,7.363913501,45.0000243,4,4557,151,189,7/22/2011
3/30/2018,146,2017/18,7.971430998,56.00003024,5,5104,149,199,12/16/2011
3/29/2019,146,2018/19,7.377758908,76.00004104,0,5288,162,209,5/11/2012
3/29/2014,147,2013/14,8.534640105,75.0000405,10,5289,119,139,5/8/2010
3/28/2015,147,2014/15,8.212568398,49.00002646,2,4981,149,149,10/2/2010
3/26/2016,147,2015/16,8.618304693,76.00004104,17,5289,137,175,2/26/2011
4/1/2017,147,2016/17,8.097426299,46.00002484,1,4557,151,189,7/23/2011
3/31/2018,147,2017/18,8.161660452,54.00002916,5,5104,156,199,12/17/2011
3/30/2019,147,2018/19,8.26436333,79.00004266,4,5288,171,209,5/12/2012
3/30/2014,148,2013/14,7.899895323,73.00003942,6,5289,119,139,5/9/2010
3/29/2015,148,2014/15,7.835183755,48.00002592,0,4981,149,149,10/3/2010
3/27/2016,148,2015/16,8.30647216,73.00003942,7,5289,137,165,2/27/2011
4/2/2017,148,2016/17,7.491645474,44.00002376,1,4557,151,189,7/24/2011
4/1/2018,148,2017/18,7.755338813,53.00002862,1,5104,149,199,12/18/2011
3/31/2019,148,2018/19,7.848933726,75.0000405,4,5288,162,209,5/13/2012
3/31/2014,149,2013/14,7.111512116,74.00003996,1,5289,119,129,5/10/2010
3/30/2015,149,2014/15,7.050989447,48.00002592,0,4921,149,149,10/4/2010
3/28/2016,149,2015/16,7.444248649,72.00003888,5,5289,135.5,165,2/28/2011
4/3/2017,149,2016/17,6.464588304,45.0000243,3,4557,144,179,7/25/2011
4/2/2018,149,2017/18,6.632001777,51.00002754,0,5104,149,189,12/19/2011
4/1/2019,149,2018/19,6.883462586,75.0000405,4,5288,162,209,5/14/2012
4/1/2014,150,2013/14,7.081708586,72.00003888,1,5289,119,129,5/11/2010
3/31/2015,150,2014/15,7.053585727,47.00002538,0,4921,149,149,10/5/2010
3/29/2016,150,2015/16,7.235619141,70.0000378,0,5289,132,165,3/1/2011
4/4/2017,150,2016/17,6.829793738,48.00002592,6,4557,142,179,7/26/2011
4/3/2018,150,2017/18,6.732210706,52.00002808,1,5104,149,189,12/20/2011
4/2/2019,150,2018/19,6.383506635,75.0000405,1,5288,162,209,5/15/2012
4/2/2014,151,2013/14,6.937314081,72.00003888,2,5289,119,129,5/12/2010
4/1/2015,151,2014/15,6.844815479,46.00002484,0,4921,149,149,10/6/2010
3/30/2016,151,2015/16,7.638679824,74.00003996,5,5289,132,175,3/2/2011
4/5/2017,151,2016/17,7.239214974,52.00002808,9,4557,142,179,7/27/2011
4/4/2018,151,2017/18,6.633318433,51.00002754,1,5104,149,199,12/21/2011
4/3/2019,151,2018/19,6.390240667,75.0000405,2,5288,155,209,5/16/2012
4/3/2014,152,2013/14,7.100027167,74.00003996,4,5289,119,129,5/13/2010
4/2/2015,152,2014/15,6.495265556,44.00002376,0,4921,149,149,10/7/2010
3/31/2016,152,2015/16,7.682021511,77.00004158,10,5289,134,165,3/3/2011
4/6/2017,152,2016/17,6.894670039,49.00002646,7,4557,142,179,7/28/2011
4/5/2018,152,2017/18,6.830874235,51.00002754,1,5104,149,189,12/22/2011
4/4/2019,152,2018/19,6.838405201,76.00004104,2,5288,162,209,5/17/2012
4/4/2014,153,2013/14,7.659642955,73.00003942,5,5289,119,129,5/14/2010
4/3/2015,153,2014/15,7.518064181,50.000027,6,4921,149,149,10/8/2010
4/1/2016,153,2015/16,8.024534872,77.00004158,12,5289,137,175,3/4/2011
4/7/2017,153,2016/17,7.126890809,45.0000243,3,4557,142,179,7/29/2011
4/6/2018,153,2017/18,7.020190708,51.00002754,2,5104,149,199,12/23/2011
4/5/2019,153,2018/19,7.244941546,74.00003996,1,5288,162,209,5/18/2012
4/5/2014,154,2013/14,8.282988693,72.00003888,4,5289,119,129,5/15/2010
4/4/2015,154,2014/15,7.98752448,48.00002592,7,4921,149,154,10/9/2010
4/2/2016,154,2015/16,8.722905701,75.0000405,7,5289,144,175,3/5/2011
4/8/2017,154,2016/17,7.607381426,44.00002376,0,4557,142,169,7/30/2011
4/7/2018,154,2017/18,8.012349639,62.00003348,12,5104,156,199,12/24/2011
4/6/2019,154,2018/19,7.896180609,73.00003942,0,5288,171,209,5/19/2012
4/6/2014,155,2013/14,7.685243608,71.00003834,2,5289,119,129,5/16/2010
4/5/2015,155,2014/15,7.577633833,46.00002484,7,4921,149,149,10/10/2010
4/3/2016,155,2015/16,8.204945165,72.00003888,2,5289,137,175,3/6/2011
4/9/2017,155,2016/17,7.665753432,51.00002754,6,4557,135,169,7/31/2011
4/8/2018,155,2017/18,7.946263644,66.00003564,19,5104,156,199,12/25/2011
4/7/2019,155,2018/19,7.729295674,72.00003888,0,5288,162,209,5/20/2012
4/7/2014,156,2013/14,7.136483209,77.00004158,6,5289,119,129,5/17/2010
4/6/2015,156,2014/15,6.553933404,45.0000243,1,4191,130,135,10/11/2010
4/4/2016,156,2015/16,7.11395611,69.00003726,0,5289,137,165,3/7/2011
4/10/2017,156,2016/17,6.975413927,51.00002754,7,4557,129,179,8/1/2011
4/9/2018,156,2017/18,6.996681488,70.0000378,17,2791,130,137,12/26/2011
4/8/2019,156,2018/19,6.725033642,70.0000378,0,5288,149,199,5/21/2012
4/8/2014,157,2013/14,6.988413182,78.00004212,9,5289,119,129,5/18/2010
4/7/2015,157,2014/15,6.647688374,44.00002376,0,4191,130,140,10/12/2010
4/5/2016,157,2015/16,6.280395839,67.00003618,0,4802,137,165,3/8/2011
4/11/2017,157,2016/17,6.613384218,48.00002592,7,4557,129,179,8/2/2011
4/10/2018,157,2017/18,6.945051064,66.00003564,7,2791,130,137,12/27/2011
4/9/2019,157,2018/19,6.552507887,67.00003618,0,5288,145,199,5/22/2012
4/9/2014,158,2013/14,6.894670039,73.00003942,8,4813,119,129,5/19/2010
4/8/2015,158,2014/15,6.308098442,44.00002376,0,4191,130,130,10/13/2010
4/6/2016,158,2015/16,7.135687347,68.00003672,2,4802,135,165,3/9/2011
4/12/2017,158,2016/17,6.682108597,47.00002538,1,4415,129,179,8/3/2011
4/11/2018,158,2017/18,6.646390515,63.00003402,0,2791,118.5,137,12/28/2011
4/10/2019,158,2018/19,6.364750757,68.00003672,3,5288,138,199,5/23/2012
4/10/2014,159,2013/14,6.745236349,69.00003726,3,4813,119,129,5/20/2010
4/9/2015,159,2014/15,6.298949247,44.00002376,1,4191,130,140,10/14/2010
4/7/2016,159,2015/16,7.164720379,68.00003672,2,4802,132,165,3/10/2011
4/13/2017,159,2016/17,6.59441346,45.0000243,0,4415,129,179,8/4/2011
4/12/2018,159,2017/18,6.363028104,60.0000324,0,2791,106,137,12/29/2011
4/11/2019,159,2018/19,7.512617545,81.00004374,13,5288,138,199,5/24/2012
4/11/2014,160,2013/14,7.268223021,67.00003618,0,4813,119,129,5/21/2010
4/10/2015,160,2014/15,7.045776577,43.00002322,2,4191,130,140,10/15/2010
4/8/2016,160,2015/16,7.346655163,66.00003564,2,4802,135,165,3/11/2011
4/14/2017,160,2016/17,6.950814768,44.00002376,0,4227,135,179,8/5/2011
4/13/2018,160,2017/18,6.878326468,60.0000324,2,2791,112,137,12/30/2011
4/12/2019,160,2018/19,7.454141078,83.00004482,16,5288,145,199,5/25/2012
4/12/2014,161,2013/14,8.215006433,65.0000351,0,4813,69.66666667,129,5/22/2010
4/11/2015,161,2014/15,7.483806688,43.00002322,2,4191,130,140,10/16/2010
4/9/2016,161,2015/16,8.064950892,64.00003456,0,4802,142,165,3/12/2011
4/15/2017,161,2016/17,7.814399634,43.00002322,0,4227,135,179,8/6/2011
4/14/2018,161,2017/18,8.197814032,60.0000324,4,2791,112,137,12/31/2011
4/13/2019,161,2018/19,8.24617156,77.00004158,14,5288,153,199,5/26/2012
4/13/2014,162,2013/14,7.474204806,65.0000351,1,4813,69.66666667,119,5/23/2010
4/12/2015,162,2014/15,6.896694332,42.00002268,1,4191,130,140,10/17/2010
4/10/2016,162,2015/16,7.778630147,64.00003456,1,4802,135,165,3/13/2011
4/16/2017,162,2016/17,7.439559309,41.00002214,0,4227,135,179,8/7/2011
4/15/2018,162,2017/18,8.483222672,59.00003186,5,2791,112,137,1/1/2012
4/14/2019,162,2018/19,7.952263309,78.00004212,5,5288,138,189,5/27/2012
4/14/2014,163,2013/14,7.440733707,74.00003996,10,4813,69.66666667,119,5/24/2010
4/13/2015,163,2014/15,6.366470448,42.00002268,0,4191,130,130,10/18/2010
4/11/2016,163,2015/16,6.403574198,63.00003402,1,2576,110,120,3/14/2011
4/17/2017,163,2016/17,6.267200549,40.0000216,0,2362,113,120,8/8/2011
4/16/2018,163,2017/18,,59.00003186,3,0,113,120,1/2/2012
4/15/2019,163,2018/19,7.006695227,76.00004104,2,5288,132,157,5/28/2012
4/15/2014,164,2013/14,6.843749949,70.0000378,10,4813,69.66666667,119,5/25/2010
4/14/2015,164,2014/15,6.342121419,40.0000216,0,1495,130,135,10/19/2010
4/12/2016,164,2015/16,6.336825731,63.00003402,1,2576,110,120,3/15/2011
4/18/2017,164,2016/17,6.342121419,37.00001998,0,2362,108,130,8/9/2011
4/17/2018,164,2017/18,,0,1,4186,108,130,1/3/2012
4/16/2019,164,2018/19,6.612041035,72.00003888,1,5288,128,157,5/29/2012
4/16/2014,165,2013/14,6.522092798,68.00003672,9,4813,69.66666667,119,5/26/2010
4/15/2015,165,2014/15,5.730099783,39.00002106,0,1495,130,130,10/20/2010
4/13/2016,165,2015/16,6.825460036,63.00003402,3,2576,110,120,3/16/2011
4/19/2017,165,2016/17,5.351858133,36.00001944,0,1732,108,130,8/10/2011
4/18/2018,165,2017/18,,0,0,5164,108,130,1/4/2012
4/17/2019,165,2018/19,6.599870499,70.0000378,0,5288,128,167,5/30/2012
4/17/2014,166,2013/14,6.978213743,67.00003618,0,4813,69.66666667,119,5/27/2010
4/16/2015,166,2014/15,5.866468057,37.00001998,0,1495,130,140,10/21/2010
4/14/2016,166,2015/16,6.483107351,61.00003294,3,2576,110,120,3/17/2011
4/20/2017,166,2016/17,6.17586727,37.00001998,2,1732,106,130,8/11/2011
4/19/2018,166,2017/18,,63.00003402,0,1124,106,130,1/5/2012
4/18/2019,166,2018/19,6.755768922,71.00003834,0,2664,128,167,5/31/2012
4/18/2014,167,2013/14,7.525100746,66.00003564,0,4813,69.66666667,129,5/28/2010
4/17/2015,167,2014/15,6.413458957,39.00002106,1,1495,130,140,10/22/2010
4/15/2016,167,2015/16,6.378426184,60.0000324,3,2576,110,120,3/18/2011
4/21/2017,167,2016/17,6.6147256,41.00002214,5,1732,108,130,8/12/2011
4/20/2018,167,2017/18,,83.00004482,0,1269,108,130,1/6/2012
4/19/2019,167,2018/19,7.674617497,70.0000378,0,2664,128,167,6/1/2012
4/19/2014,168,2013/14,8.152198016,63.00003402,0,4813,69.66666667,129,5/29/2010
4/18/2015,168,2014/15,7.905072849,40.0000216,1,1495,130,140,10/23/2010
4/16/2016,168,2015/16,8.402679805,71.00003834,11,2576,120,120,3/19/2011
4/22/2017,168,2016/17,7.862882035,40.0000216,8,1732,108,130,8/13/2011
4/21/2018,168,2017/18,,63.00003402,3,1076,108,130,1/7/2012
4/20/2019,168,2018/19,8.276903481,67.00003618,0,2664,135,167,6/2/2012
