ds,Date,y,bc_visits,breck_vists,keystone_visits
1/3/2010,11/24/2013,7.791935957,,8.210396255,8.047509511
5/30/2010,11/23/2014,8.243282523,,8.32651683,8.105307516
10/24/2010,11/22/2015,8.227375507,,8.032684876,8.244596756
3/20/2011,11/27/2016,6.549650742,6.249975242,7.197435354,7.388946098
8/14/2011,11/26/2017,6.109247583,6.079933195,7.221105098,7.266827348
1/8/2012,11/25/2018,8.362642432,7.316548177,8.530504205,7.902487437
1/4/2010,11/25/2013,7.317212408,,7.717351272,7.3524411
5/31/2010,11/24/2014,7.757906208,,7.780303088,7.497761701
10/25/2010,11/23/2015,7.610357618,,7.535830463,7.718240952
3/21/2011,11/28/2016,6.29156914,5.488937726,6.548219103,6.630683386
8/15/2011,11/27/2017,5.318119994,4.9698133,6.210600077,6.171700597
1/9/2012,11/26/2018,6.937314081,5.641907071,7.07834158,6.684611728
1/5/2010,11/26/2013,7.322510434,,7.703459048,7.376508126
6/1/2010,11/25/2014,7.737616283,,7.801800402,7.480428306
10/26/2010,11/24/2015,7.583756301,,7.471932078,7.658699558
3/22/2011,11/29/2016,6.338594078,5.170483995,6.616065185,6.595780514
8/16/2011,11/28/2017,5.472270674,5.176149733,6.180016654,6.484635236
1/10/2012,11/27/2018,6.82437367,5.509388337,6.946013991,6.549650742
1/6/2010,11/27/2013,7.280008253,7.264030143,7.850103545,7.760040681
6/2/2010,11/26/2014,7.760893196,7.575584652,8.243808424,7.744136628
10/27/2010,11/25/2015,7.493317249,7.582738489,7.768533301,7.96241568
3/23/2011,11/30/2016,6.603943825,5.117993812,6.539585956,6.744059186
8/17/2011,11/29/2017,5.38907173,5.105945474,6.173786104,6.416732283
1/11/2012,11/28/2018,6.530877628,5.379897354,6.807934944,6.419994928
1/7/2010,11/28/2013,7.659642955,7.194436851,8.055157732,7.803843304
6/3/2010,11/27/2014,7.981733287,7.357556201,8.24957515,7.857480787
10/28/2010,11/26/2015,7.937374696,7.289610521,8.007367068,7.995980475
3/24/2011,12/1/2016,6.606650186,5.214935758,6.629363253,6.514712691
8/18/2011,11/30/2017,5.525452939,5.278114659,6.289715571,6.483107351
1/12/2012,11/29/2018,7.173191742,5.82008293,7.116394144,6.65929392
1/8/2010,11/29/2013,7.584264818,6.985641818,8.286773231,8.033009499
6/4/2010,11/28/2014,7.869783903,7.036148494,8.494743063,8.178638789
10/29/2010,11/27/2015,7.877776333,7.046647278,8.278428259,8.262816938
3/25/2011,12/2/2016,7.022868086,5.587248658,7.077498054,7.042286172
8/19/2011,12/1/2017,5.308267697,5.521460918,6.622736324,6.881411304
1/13/2012,11/30/2018,7.378383713,6.388561406,7.327123292,7.224024808
1/9/2010,11/30/2013,7.829630389,7.11395611,8.331104548,8.13446757
6/5/2010,11/29/2014,8.014996894,7.193685818,8.607947555,8.250620082
10/30/2010,11/28/2015,8.062747901,7.235619141,8.469472455,8.338783971
3/26/2011,12/3/2016,8.058960018,6.652863029,8.271804031,8.187021067
8/20/2011,12/2/2017,6.298949247,6.501289671,7.973155433,7.971085754
1/14/2012,12/1/2018,8.560061092,7.575584652,8.659039916,8.274611946
1/10/2010,12/1/2013,7.46221494,6.845879875,7.73587032,7.567345676
6/6/2010,11/30/2014,7.689828669,6.928537818,7.999342953,7.689371108
10/31/2010,11/29/2015,7.892078421,7.286191715,7.845416037,7.852827812
3/27/2011,12/4/2016,8.051340933,6.561030666,7.863651265,7.881937489
8/21/2011,12/3/2017,6.124683391,6.089044875,7.474204806,7.641564441
1/15/2012,12/2/2018,8.480114183,7.301822342,8.351610751,7.919356191
1/11/2010,12/2/2013,6.428105273,5.525452939,6.475432717,6.395261598
6/7/2010,12/1/2014,6.64898455,5.82008293,6.91274282,6.670766321
11/1/2010,11/30/2015,7.241366283,6.467698726,6.760414691,6.787844982
3/28/2011,12/5/2016,6.601230119,5.18178355,6.580639137,6.708084084
8/22/2011,12/4/2017,5.730099783,5.420534999,6.851184927,6.668228248
1/16/2012,12/3/2018,7.090909822,5.863631176,7.173191742,6.598509029
1/12/2010,12/3/2013,6.363028104,5.605802066,6.822197391,6.629363253
6/8/2010,12/2/2014,6.848005275,5.799092654,6.922643891,6.66949809
11/2/2010,12/1/2015,6.921658184,6.070737728,6.553933404,6.91968385
3/29/2011,12/6/2016,7.188412736,5.634789603,6.783325201,6.870053412
8/23/2011,12/5/2017,5.697093487,5.257495372,6.49375384,6.625392368
1/17/2012,12/4/2018,7.170119543,5.717027701,6.859614904,6.445719819
1/13/2010,12/4/2013,7.476472381,6.49375384,7.559038255,7.043159916
6/9/2010,12/3/2014,6.697034248,5.736572297,6.863803391,6.727431725
11/3/2010,12/2/2015,7.016609684,6.08221891,6.914730893,7.065613364
3/30/2011,12/7/2016,7.514254653,5.85220248,6.762729507,6.900730664
8/24/2011,12/6/2017,5.455321115,5.123963979,6.248042875,6.513230111
1/18/2012,12/5/2018,7.031741259,5.545177444,7.012115294,6.694562059
1/14/2010,12/5/2013,6.929516771,5.973809612,7.117205503,6.695798917
6/10/2010,12/4/2014,6.799055862,5.811140993,6.955592608,6.745236349
11/4/2010,12/3/2015,7.070724107,6.139884552,6.957497371,7.069874128
3/31/2011,12/8/2016,6.940222469,5.587248658,6.8134446,6.863803391
8/25/2011,12/7/2017,5.402677382,5.225746674,6.436150368,6.395261598
1/19/2012,12/6/2018,7.13089883,5.863631176,7.03438793,6.582025139
1/15/2010,12/6/2013,6.897704943,5.978885765,6.910750788,7.086737935
6/11/2010,12/5/2014,7.221105098,6.455198563,7.353081921,7.280008253
11/5/2010,12/4/2015,7.473637108,6.64898455,7.340835554,7.534762657
4/1/2011,12/9/2016,7.862882035,6.390240667,7.576097341,7.617759577
8/26/2011,12/8/2017,6.198478716,5.953243334,7.123672785,7.492760301
1/20/2012,12/7/2018,7.777792626,6.555356892,7.578145472,7.238496841
1/16/2010,12/7/2013,7.965545573,7.349873705,8.183955717,8.180040723
6/12/2010,12/6/2014,8.140898461,7.264030143,8.55120807,8.289037098
11/6/2010,12/5/2015,8.30498958,7.596894438,8.493719835,8.507748733
4/2/2011,12/10/2016,8.677780256,7.580189418,8.527935288,8.364275085
8/27/2011,12/9/2017,6.91671502,6.909753282,8.06117136,8.290543501
1/21/2012,12/8/2018,8.58634605,7.721348613,8.557951184,8.234564993
1/17/2010,12/8/2013,7.948738455,7.294377299,7.763871288,7.704811923
6/13/2010,12/7/2014,7.813591553,7.142827401,8.194781638,7.862497197
11/7/2010,12/6/2015,8.154500175,7.58171964,8.209308412,8.167351987
4/3/2011,12/11/2016,8.580355766,7.370230642,8.278936002,8.247482004
8/28/2011,12/10/2017,6.453624999,6.679599186,7.646353722,7.836369761
1/22/2012,12/9/2018,8.26821888,7.322510434,8.270269111,7.920083199
1/18/2010,12/9/2013,6.711740395,6.095824562,6.416732283,6.529418838
6/14/2010,12/8/2014,6.910750788,5.866468057,7.061334367,6.672032945
11/8/2010,12/7/2015,6.882437471,6.194405391,6.937314081,6.959398512
4/4/2011,12/12/2016,7.214504414,5.940171253,7.014814351,7.248504072
8/29/2011,12/11/2017,5.659482216,5.583496309,6.543911846,6.794586581
1/23/2012,12/10/2018,7.11395611,6.042632834,7.115582126,6.70073111
1/19/2010,12/10/2013,6.852242569,6.109247583,6.884486652,6.777646594
6/15/2010,12/9/2014,6.950814768,5.811140993,6.98471632,6.71417053
11/9/2010,12/8/2015,6.894670039,6.137727054,6.779921907,6.874198495
4/5/2011,12/13/2016,7.148345744,5.814130532,6.892641641,7.064759028
8/30/2011,12/12/2017,5.638354669,5.459585514,6.492239835,6.735780014
1/24/2012,12/11/2018,6.987490247,5.814130532,6.987490247,6.624065228
1/20/2010,12/11/2013,7.136483209,6.311734809,7.198931241,7.042286172
6/16/2010,12/10/2014,6.923628628,5.700443573,6.977281342,6.726233402
11/10/2010,12/9/2015,6.921658184,6.144185634,6.853299093,7.047517221
4/6/2011,12/14/2016,7.267525428,5.80814249,7.118826249,7.147559271
8/31/2011,12/13/2017,5.929589143,5.33753808,6.366470448,6.580639137
1/25/2012,12/12/2018,6.958448393,5.768320996,7.012115294,6.580639137
1/21/2010,12/12/2013,7.198931241,6.232448017,7.292337176,7.065613364
6/17/2010,12/11/2014,6.972606251,5.814130532,7.134093721,6.687108608
11/11/2010,12/10/2015,7.047517221,5.888877958,7.005789019,6.924612396
4/7/2011,12/15/2016,7.550661243,5.932245187,7.383989458,7.494986234
9/1/2011,12/14/2017,6.326149473,5.686975356,7.106606138,6.930494766
1/26/2012,12/13/2018,7.490529402,6.109247583,7.61529834,6.733401892
1/22/2010,12/13/2013,7.573531263,6.371611847,7.46565531,7.379008128
6/18/2010,12/12/2014,7.26961675,6.049733455,7.421177529,7.061334367
11/12/2010,12/11/2015,7.489412084,6.416732283,7.401841579,7.455298486
4/8/2011,12/16/2016,7.750614733,6.289715571,7.644440762,7.758333467
9/2/2011,12/15/2017,6.54534966,5.894402834,7.40671073,7.327780538
1/27/2012,12/14/2018,7.67971364,6.440946541,7.732369222,7.26612878
1/23/2010,12/14/2013,8.508152447,7.922985959,8.507142856,8.348301055
6/19/2010,12/13/2014,8.213923596,7.427144133,8.43793351,8.085486772
11/13/2010,12/12/2015,8.655911111,7.900636613,8.596189198,8.512783483
4/9/2011,12/17/2016,8.668196065,7.895808377,8.559869466,8.233768709
9/3/2011,12/16/2017,7.530479995,7.091742115,8.236685323,8.082402254
1/28/2012,12/15/2018,8.606119401,7.795646536,8.457867725,8.0522965
1/24/2010,12/15/2013,8.274102002,7.720461695,8.181720455,8.124446856
6/20/2010,12/14/2014,8.301769763,7.688455357,8.408939606,8.059276223
11/14/2010,12/13/2015,8.273081334,7.662467815,8.361007108,8.384575667
4/10/2011,12/18/2016,8.139440522,7.475905969,8.152486076,8.077136639
9/4/2011,12/17/2017,7.356279877,6.835184586,7.846198815,7.914252279
1/29/2012,12/16/2018,8.25244609,7.626570206,8.175266104,7.816416984
1/25/2010,12/16/2013,7.151485464,6.463029457,7.117205503,7.06646697
6/21/2010,12/15/2014,7.876258882,6.782192056,7.489412084,7.152268856
11/15/2010,12/14/2015,7.207859871,6.336825731,7.244227516,7.517520851
4/11/2011,12/19/2016,7.77569575,6.931471806,7.765144903,7.613818685
9/5/2011,12/18/2017,6.311734809,5.910796644,7.002155954,7.002155954
1/30/2012,12/17/2018,7.085901464,6.144185634,7.203405521,6.80461452
1/26/2010,12/17/2013,7.183870715,6.507277712,7.074963198,7.044905117
6/22/2010,12/16/2014,7.365812837,6.364750757,7.254177846,6.870053412
11/16/2010,12/15/2015,7.617267814,6.80461452,7.362010551,7.736307097
4/12/2011,12/20/2016,7.827639546,7.009408933,7.779048645,7.635303886
9/6/2011,12/19/2017,6.533788838,6.008813185,6.896694332,6.905753276
1/31/2012,12/18/2018,6.988413182,6.11146734,7.090909822,6.796823718
1/27/2010,12/18/2013,7.163946684,6.473890696,7.021083964,7.048386409
6/23/2010,12/17/2014,7.29301768,6.523562306,7.228388452,6.817830571
11/17/2010,12/16/2015,7.478734826,6.563855527,7.149916836,7.559559496
4/13/2011,12/21/2016,7.845416037,7.001245622,7.692569648,7.611347717
9/7/2011,12/20/2017,6.413458957,5.897153868,6.91770561,7.052721049
2/1/2012,12/19/2018,7.280008253,5.866468057,7.239214974,4.990432587
1/28/2010,12/19/2013,7.159291905,6.315358002,7.139660336,7.189167738
6/24/2010,12/18/2014,7.412160335,6.513230111,7.477604243,7.02464903
11/18/2010,12/17/2015,7.315883505,6.359573869,6.923628628,7.188412736
4/14/2011,12/22/2016,7.837554361,7.126890809,7.897668151,7.717796211
9/8/2011,12/21/2017,6.694562059,6.180016654,7.319202459,7.18690102
2/2/2012,12/20/2018,7.757051142,6.278521424,7.937731775,6.987490247
1/29/2010,12/20/2013,7.616775809,6.867974409,7.577121931,7.543273347
6/25/2010,12/19/2014,7.875879159,6.880384082,7.883069351,7.446585099
11/19/2010,12/18/2015,7.746732908,6.765038977,7.62900389,7.817625443
4/15/2011,12/23/2016,8.362408978,7.628517627,8.093767758,7.938802248
9/9/2011,12/22/2017,7.258412151,6.865891075,7.881937489,7.839525582
2/3/2012,12/21/2018,7.756623335,6.722629795,7.852827812,7.220373837
1/30/2010,12/21/2013,8.518791913,7.847371836,8.30647216,7.994294986
6/26/2010,12/20/2014,8.51318517,7.763021309,8.498418036,8.111628078
11/20/2010,12/19/2015,8.538171598,7.861341796,8.541105011,8.396831835
4/16/2011,12/24/2016,8.051978079,7.490529402,7.952263309,7.549609165
9/10/2011,12/23/2017,7.526717561,7.013915475,7.860570786,7.837554361
2/4/2012,12/22/2018,8.294799359,7.473069088,8.169336396,7.715569535
1/31/2010,12/22/2013,8.369620827,7.87245515,8.14322675,7.893572074
6/27/2010,12/21/2014,8.441822884,7.744569809,8.410943392,8.073714641
11/21/2010,12/20/2015,8.351374707,7.726653665,8.352082671,8.162801353
4/17/2011,12/25/2016,8.083945702,7.301822342,7.830425618,7.567862605
9/11/2011,12/24/2017,7.822444729,6.941190055,7.969357742,7.800572655
2/5/2012,12/23/2018,8.38822281,7.53796266,8.315321775,7.707512195
2/1/2010,12/23/2013,8.309922989,7.162397497,7.918992488,7.609366538
6/28/2010,12/22/2014,8.488793717,7.504942068,8.452121195,7.293697721
11/22/2010,12/21/2015,8.125335087,7.466799475,8.105609402,7.787382026
4/18/2011,12/26/2016,7.950502435,7.207118856,8.215547412,8.016317899
9/12/2011,12/25/2017,7.837554361,7.159291905,8.03657341,7.839131648
2/6/2012,12/24/2018,8.066835314,7.330405212,7.957877358,7.434257382
2/2/2010,12/24/2013,8.150467912,7.149916836,7.710205194,7.455876687
6/29/2010,12/23/2014,8.357024439,7.280008253,8.341171747,7.349873705
11/23/2010,12/22/2015,8.194781638,7.299797367,7.970049305,7.804659297
4/19/2011,12/27/2016,8.039802344,7.300472814,8.209580483,7.950149888
9/13/2011,12/26/2017,7.68386398,6.774223886,8.13123655,7.844240718
2/7/2012,12/25/2018,8.289288323,7.428927195,8.113127104,7.471932078
2/3/2010,12/25/2013,8.411610429,7.555381944,8.430327258,7.514254653
6/30/2010,12/24/2014,8.15564927,7.409741954,8.140607043,7.428927195
11/24/2010,12/23/2015,8.499843553,7.597897951,8.336390481,7.777373603
4/20/2011,12/28/2016,7.842278779,7.07834158,8.025189322,7.705712824
9/14/2011,12/27/2017,7.73587032,6.883462586,8.078067882,7.869019376
2/8/2012,12/26/2018,7.678788998,6.800170068,7.822444729,7.165493475
2/4/2010,12/26/2013,7.791522819,7.118826249,8.122074375,7.616775809
7/1/2010,12/25/2014,8.278174291,7.567345676,8.28172399,7.555381944
11/25/2010,12/24/2015,8.13123655,7.461640392,8.027802848,7.702556113
4/21/2011,12/29/2016,8.142354277,7.487733761,8.418697945,8.045588281
9/15/2011,12/28/2017,7.694392803,6.968850378,8.201385955,7.994632311
2/9/2012,12/27/2018,7.917536354,7.24636808,8.206583614,7.522400231
2/5/2010,12/27/2013,8.046869511,7.361375429,8.42485858,7.996653875
7/2/2010,12/26/2014,7.921535632,7.805474625,8.178358166,7.616283562
11/26/2010,12/25/2015,8.270269111,7.590852124,8.07121854,7.721791777
4/22/2011,12/30/2016,8.083637203,7.489970899,8.443977129,8.10952566
9/16/2011,12/29/2017,7.701652363,7.075808864,8.138856751,8.097426299
2/10/2012,12/28/2018,7.929486523,7.120444372,8.089175679,7.612336837
2/6/2010,12/28/2013,8.151621647,7.603897969,8.485083137,8.178077464
7/3/2010,12/27/2014,8.218517577,7.737616283,8.457655479,8.102283624
11/27/2010,12/26/2015,7.964503364,7.372746366,8.004365565,7.658227526
4/23/2011,12/31/2016,8.068716193,7.546974118,8.464425126,8.088868789
9/17/2011,12/30/2017,7.738923757,7.137278437,8.219056661,8.233768709
2/11/2012,12/29/2018,8.03657341,7.383989458,8.217168596,7.759614151
2/7/2010,12/29/2013,8.105005538,7.573531263,8.474911799,8.15075647
7/4/2010,12/28/2014,7.890582535,7.473069088,8.278174291,7.830425618
11/28/2010,12/27/2015,8.030409562,7.40367029,8.417151837,8.069342367
4/24/2011,1/1/2017,8.227642708,7.739359203,8.249052274,7.923348212
9/18/2011,12/31/2017,7.557472902,7.020190708,8.289037098,8.043663352
2/12/2012,12/30/2018,8.078998259,7.375882148,8.358900612,7.987864096
2/8/2010,12/30/2013,7.869019376,7.192934221,8.263332667,8.011686729
7/5/2010,12/29/2014,7.967280179,7.305188215,8.175266104,7.59739632
11/29/2010,12/28/2015,7.843848638,7.232733136,8.251403065,7.933438388
4/25/2011,1/2/2017,8.064007347,7.530479995,8.259199363,8.058010801
9/19/2011,1/1/2018,7.470793774,7.063048163,8.032035314,7.846589975
2/13/2012,12/31/2018,7.921172722,7.064759028,8.019941688,7.36707706
2/9/2010,12/31/2013,7.835579247,7.18690102,8.206037763,7.861727078
7/6/2010,12/30/2014,7.687538766,7.163946684,7.768110379,7.332369206
11/30/2010,12/29/2015,7.829232538,7.244941546,8.225503098,7.850493181
4/26/2011,1/3/2017,7.474204806,6.787844982,7.558516743,7.244941546
9/20/2011,1/2/2018,7.170119543,6.783325201,7.754481547,7.61283103
2/14/2012,1/1/2019,8.129174997,7.487733761,7.859413155,7.459338895
2/10/2010,1/1/2014,8.385944905,7.58171964,8.526152933,7.958926493
7/7/2010,12/31/2014,8.017966703,7.388946098,8.449128461,7.880048201
12/1/2010,12/30/2015,7.934155234,7.297768283,8.200837258,7.937374696
4/27/2011,1/4/2017,7.749753406,6.82437367,7.579678823,7.479299638
9/21/2011,1/3/2018,7.139660336,6.739336627,7.765144903,7.553810852
2/15/2012,1/2/2019,7.757051142,7.138073034,7.703007682,7.208600338
2/11/2010,1/2/2014,8.364973978,7.459338895,8.467162258,7.686621335
7/8/2010,1/1/2015,8.445267452,7.948738455,8.469891918,8.065893547
12/2/2010,12/31/2015,7.958576904,7.444248649,8.171316875,7.793586803
4/28/2011,1/5/2017,8.127109185,7.38274645,7.988542983,7.851271997
9/22/2011,1/4/2018,7.192934221,6.756932389,7.736743682,7.598399329
2/16/2012,1/3/2019,7.905072849,7.309881486,7.802209316,7.430707083
2/12/2010,1/3/2014,8.307212627,7.59739632,8.362408978,7.943782692
7/9/2010,1/2/2015,8.538367427,8.130942302,8.631771096,8.200562797
12/3/2010,1/1/2016,8.365206834,7.847371836,8.476579509,8.032684876
4/29/2011,1/6/2017,8.029107055,7.602900462,7.993282328,7.841885929
9/23/2011,1/5/2018,7.242797923,6.869014451,7.875499292,7.687080156
2/17/2012,1/4/2019,8.113127104,7.493873887,7.961370202,7.588829878
2/13/2010,1/4/2014,8.885579291,8.058010801,8.764365721,8.262042844
7/10/2010,1/3/2015,8.518192692,8.114922974,8.698514248,8.312380597
12/4/2010,1/2/2016,8.600982717,8.184513753,8.629271095,8.307705967
4/30/2011,1/7/2017,8.865311633,8.398409655,8.830104318,8.42485858
9/24/2011,1/6/2018,7.980023592,7.464509835,8.511979624,8.367764678
2/18/2012,1/5/2019,8.602636673,8.005033345,8.537975731,8.179760494
2/14/2010,1/5/2014,8.090402297,7.891704659,8.336390481,7.695303135
7/11/2010,1/4/2015,8.206037763,7.83991936,8.360539381,7.941295571
12/5/2010,1/3/2016,8.125039097,7.845024417,8.195885391,7.938802248
5/1/2011,1/8/2017,8.321421587,7.933438388,8.455955882,8.248790734
9/25/2011,1/7/2018,8.586532669,7.917900586,8.710289821,8.495969555
2/19/2012,1/6/2019,8.01268093,7.533158807,8.146998697,7.889084407
2/15/2010,1/6/2014,7.62900389,6.924612396,7.68017564,7.25981961
7/12/2010,1/5/2015,7.444248649,6.865891075,7.620214771,7.329749689
12/6/2010,1/4/2016,7.596894438,7.053585727,7.72001794,7.448333861
5/2/2011,1/9/2017,7.281385664,6.336825731,7.319202459,7.124478262
9/26/2011,1/8/2018,7.183870715,6.335054251,7.375255778,7.164720379
2/20/2012,1/7/2019,7.643961949,6.735780014,7.348587531,6.784457063
2/16/2010,1/7/2014,7.462789157,6.703188113,7.637234389,7.162397497
7/13/2010,1/6/2015,7.428333194,6.791221463,7.600402335,7.137278437
12/7/2010,1/5/2016,7.347299701,6.69950034,7.501082124,7.303843225
5/3/2011,1/10/2017,7.602401336,6.799055862,7.705262475,7.301147806
9/27/2011,1/9/2018,6.853299093,5.886104031,7.046647278,6.778784898
2/21/2012,1/8/2019,7.552237288,6.436150368,7.507690078,6.840546529
2/17/2010,1/8/2014,7.479299638,6.690842277,7.609366538,7.176254532
7/14/2010,1/7/2015,7.529943371,6.682108597,7.570443252,7.242797923
12/8/2010,1/6/2016,7.268223021,6.499787041,7.323830566,7.271008538
5/4/2011,1/11/2017,7.488852956,6.37502482,7.613818685,7.458762692
9/28/2011,1/10/2018,6.91671502,5.986452005,7.079184395,7.076653815
2/22/2012,1/9/2019,7.288244401,6.270988432,7.17395832,6.82437367
2/18/2010,1/9/2014,7.716015267,6.777646594,7.65349491,7.276556403
7/15/2010,1/8/2015,7.526178913,6.685860947,7.602401336,7.325148958
12/9/2010,1/7/2016,7.504942068,6.8134446,7.459914766,7.338888134
5/5/2011,1/12/2017,7.646353722,6.914730893,7.801800402,7.391415235
9/29/2011,1/11/2018,7.522940918,7.261927093,7.746300662,7.458186157
2/23/2012,1/10/2019,7.173191742,6.234410726,7.313220387,6.831953566
2/19/2010,1/10/2014,8.103796713,7.178545484,7.655864018,7.230563153
7/16/2010,1/9/2015,7.742835955,7.046647278,7.77148876,7.433075349
12/10/2010,1/8/2016,7.82284529,7.060476366,7.880426344,7.519692404
5/6/2011,1/13/2017,7.9686657,7.151485464,7.979681302,7.842671475
9/30/2011,1/12/2018,7.638198244,6.962243464,8.074337694,7.562161631
2/24/2012,1/11/2019,7.579678823,6.711740395,8.02486215,7.280008253
2/20/2010,1/11/2014,9.207937487,8.096512918,8.845921233,8.392310009
7/17/2010,1/10/2015,8.668368019,8.124150603,8.802522498,8.479698987
12/11/2010,1/9/2016,8.865593999,8.374938144,8.883778861,8.440744019
5/7/2011,1/14/2017,8.300528606,7.69802917,8.977777599,8.607582191
10/1/2011,1/13/2018,8.415160466,7.573017256,9.030495745,8.343791732
2/25/2012,1/12/2019,8.724044746,8.070280893,8.834482609,8.273846933
2/21/2010,1/12/2014,8.083945702,7.670428522,8.178638789,7.788626066
7/18/2010,1/11/2015,7.979681302,7.666221926,8.287276756,7.912423121
12/12/2010,1/10/2016,8.415160466,8.109826276,8.506334448,8.191186005
5/8/2011,1/15/2017,8.773848885,8.212839585,8.672143551,8.336869637
10/2/2011,1/14/2018,8.714731714,8.014996894,8.692322278,8.313361951
2/26/2012,1/13/2019,8.284756593,7.82284529,8.433811582,8.098338846
2/22/2010,1/13/2014,7.97831097,6.770789424,7.636269603,6.66057515
7/19/2010,1/12/2015,7.311886164,6.673297968,7.513709248,6.783325201
12/13/2010,1/11/2016,7.266827348,6.688354714,7.184629153,6.967909202
5/9/2011,1/16/2017,7.769800996,7.38832786,7.917171989,7.726653665
10/3/2011,1/15/2018,7.56112159,7.069874128,7.839525582,7.51479976
2/27/2012,1/14/2019,7.080867897,6.349138991,7.21964204,6.828712072
2/23/2010,1/14/2014,7.543273347,6.363028104,7.539558829,6.66949809
7/20/2010,1/13/2015,7.243512975,6.562444094,7.466227556,6.765038977
12/14/2010,1/12/2016,7.319202459,6.543911846,7.300472814,7.03966035
5/10/2011,1/17/2017,7.308542798,6.49677499,7.294377299,6.96979067
10/4/2011,1/16/2018,6.91770561,5.955837369,7.111512116,6.72982407
2/28/2012,1/15/2019,7.01571242,6.148468296,7.03438793,6.677083461
2/24/2010,1/15/2014,7.832014181,6.66949809,7.816013839,7.003974137
7/21/2010,1/14/2015,7.44716836,6.527957918,7.488293515,7.027314514
12/15/2010,1/13/2016,7.358193753,6.588926478,7.317212408,7.091742115
5/11/2011,1/18/2017,7.310550159,6.530877628,7.215975003,7.080867897
10/5/2011,1/17/2018,6.987490247,6.00635316,7.124478262,6.830874235
2/29/2012,1/16/2019,7.063903961,6.013715156,6.962243464,6.786716951
2/25/2010,1/16/2014,7.589335823,6.595780514,7.550135342,7.096721378
7/22/2010,1/15/2015,7.418180823,6.628041376,7.571473649,7.044905117
12/16/2010,1/14/2016,7.152268856,6.354370041,7.186144305,7.00488199
5/12/2011,1/19/2017,7.288244401,6.495265556,7.295056416,7.14440718
10/6/2011,1/18/2018,6.987490247,5.950642553,7.180069874,6.886531643
3/1/2012,1/17/2019,7.488293515,6.261491684,7.260522598,7.076653815
2/26/2010,1/17/2014,8.000684785,7.096721378,7.947325027,7.595387279
7/23/2010,1/16/2015,7.83715965,7.058758153,7.880804345,7.557994959
12/17/2010,1/15/2016,7.800982071,6.91968385,7.875499292,7.784889296
5/13/2011,1/20/2017,7.726212651,7.037905963,7.713784617,7.430114139
10/7/2011,1/19/2018,7.461065514,6.583409222,7.617759577,7.281385664
3/2/2012,1/18/2019,8.11342664,7.037905963,7.713337889,7.576097341
2/27/2010,1/18/2014,8.303009381,7.758333467,8.927314111,8.691482577
7/24/2010,1/17/2015,8.250881145,7.594381243,8.92837526,8.59674347
12/18/2010,1/16/2016,8.54422453,7.446001498,8.973984927,8.579228582
5/14/2011,1/21/2017,8.700847193,8.268475389,8.834336974,8.353732642
10/8/2011,1/20/2018,8.575273402,8.009363077,8.710289821,8.368229038
3/3/2012,1/19/2019,8.526945483,7.604396349,8.716371865,8.320204598
2/28/2010,1/19/2014,8.528330936,7.955074273,8.383204551,8.021584533
7/25/2010,1/18/2015,8.712101864,8.210939733,8.651549244,8.300031712
12/19/2010,1/17/2016,9.073833127,8.100768243,8.541300267,8.184234774
5/15/2011,1/22/2017,8.557374981,8.313607139,8.4740769,8.06022424
10/9/2011,1/21/2018,8.687273462,8.029432841,8.711278615,8.410498453
3/4/2012,1/20/2019,8.72127624,8.135932772,8.417372856,8.106816039
3/1/2010,1/20/2014,7.891704659,7.442492723,8.007700013,7.739359203
7/26/2010,1/19/2015,7.713337889,7.355641103,8.062432792,7.630946581
12/20/2010,1/18/2016,8.347353412,7.457032089,8.115520882,7.904703914
5/16/2011,1/23/2017,7.424761762,6.746412129,7.194436851,6.957497371
10/10/2011,1/22/2018,7.733683571,6.694562059,7.753623547,7.421177529
3/5/2012,1/21/2019,7.591861715,7.129297549,7.688913337,7.462789157
3/2/2010,1/21/2014,7.242797923,6.52649486,7.094234846,6.693323668
7/27/2010,1/20/2015,7.402451521,6.732210706,7.578145472,6.913737351
12/21/2010,1/19/2016,7.663877259,6.429719478,7.413367336,6.88857246
5/17/2011,1/24/2017,7.67971364,7.011213987,7.238496841,6.943122423
10/11/2011,1/23/2018,7.195937226,6.278521424,7.190676034,6.81014245
3/6/2012,1/22/2019,7.45760929,6.849066283,7.238496841,6.751101469
3/3/2010,1/22/2014,7.21964204,6.300785795,7.04053639,6.91671502
7/28/2010,1/21/2015,7.218909708,6.406879986,7.201916318,6.903747258
12/22/2010,1/20/2016,7.437795122,6.343880434,7.106606138,6.972606251
5/18/2011,1/25/2017,7.404887576,6.706862337,7.01571242,6.933423026
10/12/2011,1/24/2018,7.188412736,6.257667588,7.214504414,6.88857246
3/7/2012,1/23/2019,6.902742737,6.052089169,6.893656355,6.606650186
3/4/2010,1/23/2014,7.149131599,6.386879319,7.112327445,6.869014451
7/29/2010,1/22/2015,7.247792582,6.483107351,7.73280753,6.974478911
12/23/2010,1/21/2016,7.886457271,6.84694314,7.697575347,7.264730178
5/19/2011,1/26/2017,7.240649694,6.519147288,6.963189986,6.935370446
10/13/2011,1/25/2018,7.088408779,6.188264123,7.181591945,6.931471806
3/8/2012,1/24/2019,7.910590612,6.393590754,7.184629153,6.768493212
3/5/2010,1/24/2014,7.722234745,6.924612396,7.683403681,7.363913501
7/30/2010,1/23/2015,7.730614066,6.937314081,7.839525582,7.396335294
12/24/2010,1/22/2016,8.002694162,7.098375639,7.849323818,7.579678823
5/20/2011,1/27/2017,7.696212639,6.921658184,7.552762084,7.378383713
10/14/2011,1/26/2018,7.777373603,6.935370446,7.669028289,7.467942332
3/9/2012,1/25/2019,8.153061947,7.017506143,7.697121317,7.371489295
3/6/2010,1/25/2014,8.697345731,8.232440158,8.679652119,8.371010681
7/31/2010,1/24/2015,8.718009331,8.188411308,8.870101049,8.426173793
12/25/2010,1/23/2016,8.888342869,8.352318548,8.855235623,8.432070938
5/21/2011,1/28/2017,8.76950712,8.339261983,8.676416697,8.243545508
10/15/2011,1/27/2018,8.692154394,8.212025805,8.709795058,8.375399186
3/10/2012,1/26/2019,8.850804196,8.13446757,8.5201887,8.13005904
3/7/2010,1/26/2014,8.191740021,7.770223204,8.293549515,7.96797318
8/1/2010,1/25/2015,8.171034189,7.937731775,8.51218065,8.063692634
12/26/2010,1/24/2016,8.116118432,7.709308333,8.24957515,7.884576511
5/22/2011,1/29/2017,8.440744019,8.074960359,8.449128461,8.103796713
10/16/2011,1/28/2018,8.221747728,7.823645931,8.351846739,8.129174997
3/11/2012,1/27/2019,8.290041619,7.765993079,8.246433786,7.939515261
3/8/2010,1/27/2014,6.877296071,6.265301213,6.900730664,6.498282149
8/2/2010,1/26/2015,7.376508126,6.66949809,7.350516172,6.759255271
12/27/2010,1/25/2016,7.579678823,7.196686571,7.498315871,6.673297968
5/23/2011,1/30/2017,7.34601021,6.755768922,7.224024808,6.91968385
10/17/2011,1/29/2018,7.215239979,6.583409222,7.156956365,6.830874235
3/12/2012,1/28/2019,7.003974137,6.313548046,6.860663671,6.429719478
3/9/2010,1/28/2014,7.047517221,6.345636361,7.557994959,6.419994928
8/3/2010,1/27/2015,7.202661197,6.453624999,7.159291905,6.617402978
12/28/2010,1/26/2016,7.473637108,6.666956792,7.309881486,6.64509097
5/24/2011,1/31/2017,7.239932591,6.541029999,7.044905117,6.776506992
10/18/2011,1/30/2018,7.065613364,6.327936784,6.938284484,6.715383386
3/13/2012,1/29/2019,7.068172,6.214608098,7.029972912,6.770789424
3/10/2010,1/29/2014,6.889591308,6.244166901,7.184629153,6.793466133
8/4/2010,1/28/2015,6.922643891,6.21860012,6.899723107,6.688354714
12/29/2010,1/27/2016,7.406103381,6.530877628,7.244227516,7.022868086
5/25/2011,2/1/2017,7.332369206,6.498282149,7.022868086,6.971668605
10/19/2011,1/31/2018,6.866933284,5.934894196,6.587550015,6.597145702
3/14/2012,1/30/2019,7.156956365,6.161207322,7.005789019,6.738152495
3/11/2010,1/30/2014,7.736743682,7.045776577,7.705712824,7.464509835
8/5/2010,1/29/2015,7.177018766,6.480044562,7.156956365,6.876264612
12/30/2010,1/28/2016,7.433075349,6.637258031,7.290292882,7.041411664
5/26/2011,2/2/2017,7.063048163,6.194405391,6.994849986,6.840546529
10/20/2011,2/1/2018,6.838405201,6.001414878,6.914730893,6.946975992
3/15/2012,1/31/2019,7.239214974,6.391917113,7.016609684,6.844815479
3/12/2010,1/31/2014,8.665613197,7.806696373,8.453401058,7.97074039
8/6/2010,1/30/2015,7.391415235,6.787844982,7.596392304,7.282073658
12/31/2010,1/29/2016,7.704811923,7.023758955,7.567862605,7.489970899
5/27/2011,2/3/2017,7.862882035,7.071573364,7.76937861,7.502738211
10/21/2011,2/2/2018,7.585788822,6.752270376,7.667158255,7.607878073
3/16/2012,2/1/2019,7.802209316,6.915723449,7.655390645,7.390798522
3/13/2010,2/1/2014,8.848652886,8.615589513,8.816853241,8.452761331
8/7/2010,1/31/2015,8.571681377,8.028781162,8.722254235,8.361474616
1/1/2011,1/30/2016,8.634798433,8.2204031,8.698013622,8.368693183
5/28/2011,2/4/2017,8.675051276,8.234564993,8.602820277,8.232174236
10/22/2011,2/3/2018,8.623173515,8.043984431,8.650499559,8.413830678
3/17/2012,2/2/2019,8.639410824,8.153925132,8.508152447,8.174702882
3/14/2010,2/2/2014,8.23004431,7.760040681,8.352082671,7.895436007
8/8/2010,2/1/2015,8.29654652,7.811568489,8.42002128,7.965545573
1/2/2011,1/31/2016,8.86418137,8.419580363,8.733271845,8.228710799
5/29/2011,2/5/2017,8.394573478,7.918992488,8.390495538,8.011355109
10/23/2011,2/4/2018,8.127404563,7.70616297,8.318742253,8.096512918
3/18/2012,2/3/2019,8.099857911,7.60090246,8.037220031,7.774015077
3/15/2010,2/3/2014,7.190676034,6.584791392,7.132497552,6.8134446
8/9/2010,2/2/2015,7.094234846,6.548219103,7.044032897,6.635946556
1/3/2011,2/1/2016,7.913155186,7.153833802,7.592366129,7.341483852
5/30/2011,2/6/2017,6.96979067,6.52649486,7.010311867,6.701960366
10/24/2011,2/5/2018,6.876264612,6.042632834,7.097548851,6.953684211
3/19/2012,2/4/2019,7.280008253,6.618738984,6.979145275,6.65415252
3/16/2010,2/4/2014,7.245655068,6.440946541,6.945051064,6.663132696
8/10/2010,2/3/2015,7.193685818,6.791221463,7.075808864,6.507277712
1/4/2011,2/2/2016,8.30028019,7.535296702,7.474204806,7.260522598
5/31/2011,2/7/2017,6.91968385,6.280395839,6.843749949,6.825460036
10/25/2011,2/6/2018,7.819636302,6.7310181,7.499423291,7.673688129
3/20/2012,2/5/2019,7.328437353,6.522092798,6.803505258,6.469250317
3/17/2010,2/5/2014,7.278628942,6.551080335,6.862757913,6.620073207
8/11/2010,2/4/2015,7.353081921,6.599870499,7.464509835,6.926577033
1/5/2011,2/3/2016,7.481555702,6.782192056,6.975413927,6.88550967
6/1/2011,2/8/2017,7.297091005,6.137727054,7.21303166,7.307202315
10/26/2011,2/7/2018,7.650644551,6.70073111,7.274479559,7.43543802
3/21/2012,2/6/2019,7.375255778,6.535241271,6.896694332,6.523562306
3/18/2010,2/6/2014,7.270312886,6.56667243,6.991176887,6.792344427
8/12/2010,2/5/2015,7.789040402,6.930494766,7.790696031,7.43366654
1/6/2011,2/4/2016,7.455298486,6.570882962,7.230563153,7.03438793
6/2/2011,2/9/2017,7.409741954,6.576469569,7.338888134,7.244941546
10/27/2011,2/8/2018,7.328437353,6.56526497,7.122866659,7.145984468
3/22/2012,2/7/2019,7.595889918,6.791221463,6.633318433,6.527957918
3/19/2010,2/7/2014,7.779885115,6.901737207,7.682021511,7.414572881
8/13/2010,2/6/2015,7.705262475,7.677863501,7.847762537,7.585788822
1/7/2011,2/5/2016,7.793174347,7.292337176,7.646353722,7.479299638
6/3/2011,2/10/2017,7.822444729,6.936342736,7.416378479,7.311218384
10/28/2011,2/9/2018,7.657282793,6.774223886,7.508238775,7.552762084
3/23/2012,2/8/2019,7.995643604,7.156956365,6.556778356,7.13089883
3/20/2010,2/8/2014,8.658519128,8.183955717,8.775240459,8.417814747
8/14/2010,2/7/2015,8.632484236,8.334471555,8.646816959,8.38822281
1/8/2011,2/6/2016,8.697345731,8.32530603,8.638525477,8.332789468
6/4/2011,2/11/2017,8.510369966,7.896180609,8.517193191,8.018296139
10/29/2011,2/10/2018,8.806124483,8.118802997,8.591558273,8.356554845
3/24/2012,2/9/2019,8.674367866,8.209308412,8.431417414,8.052614819
3/21/2010,2/9/2014,8.445267452,7.828038032,8.526747404,8.305236829
8/15/2010,2/8/2015,8.213652703,7.854381211,8.350193651,7.926602599
1/9/2011,2/7/2016,8.201660191,7.860570786,8.154212695,7.862882035
6/5/2011,2/12/2017,8.442469645,8.259458195,8.393442384,7.975564658
10/30/2011,2/11/2018,8.691818542,8.271548375,8.554296279,8.237214703
3/25/2012,2/10/2019,8.304247465,8.001355026,8.20028826,7.847762537
3/22/2010,2/10/2014,7.752764809,6.81563999,7.787796878,7.268920128
8/16/2010,2/9/2015,7.264730178,6.860663671,7.180831199,6.739336627
1/10/2011,2/8/2016,7.201916318,6.602587892,7.117205503,6.756932389
6/6/2011,2/13/2017,7.00033446,6.546785411,7.074116816,6.680854679
10/31/2011,2/12/2018,7.166265974,6.558197803,7.127693699,6.864847778
3/26/2012,2/11/2019,6.898714534,6.315358002,6.744059186,6.49375384
3/23/2010,2/11/2014,7.472500745,6.685860947,7.575584652,7.349873705
8/17/2010,2/10/2015,6.955592608,6.011267174,6.960347729,6.406879986
1/11/2011,2/9/2016,7.273092596,6.639875834,7.091742115,6.661854741
6/7/2011,2/14/2017,7.327123292,6.753437919,7.135687347,6.736966958
11/1/2011,2/13/2018,7.428927195,6.93439721,7.13009851,6.88550967
3/27/2012,2/12/2019,7.210818453,6.442540166,6.927557906,6.610696045
3/24/2010,2/12/2014,7.161622003,6.431331082,7.204149292,7.005789019
8/18/2010,2/11/2015,7.252762418,6.345636361,7.330405212,6.887552572
1/12/2011,2/10/2016,7.31521839,6.587550015,7.100851909,6.925595197
6/8/2011,2/15/2017,7.245655068,6.504288174,7.01571242,6.907755279
11/2/2011,2/14/2018,7.045776577,6.253828812,6.880384082,6.741700695
3/28/2012,2/13/2019,6.814542897,6.156978986,6.436150368,6.523562306
3/25/2010,2/13/2014,7.286191715,6.396929655,7.309212366,7.089243155
8/19/2010,2/12/2015,7.103322063,6.910750788,7.333023014,6.905753276
1/13/2011,2/11/2016,7.370230642,6.692083743,7.284820913,7.074116816
6/9/2011,2/16/2017,7.340835554,6.632001777,7.211556733,6.985641818
11/3/2011,2/15/2018,7.228388452,6.386879319,7.440733707,6.954638865
3/29/2012,2/14/2019,7.258412151,6.376726948,7.022868086,6.875232087
3/26/2010,2/14/2014,7.971430998,7.119635638,7.986504939,7.774015077
8/20/2010,2/13/2015,7.845024417,7.468513271,7.884952946,7.608870629
1/14/2011,2/12/2016,7.913155186,7.335633982,7.826842098,7.705262475
6/10/2011,2/17/2017,7.643003636,7.064759028,7.661997559,7.427144133
11/4/2011,2/16/2018,8.123261319,7.669495251,7.957177323,7.722234745
3/30/2012,2/15/2019,7.797291274,7.027314514,7.604396349,7.499976541
3/27/2010,2/15/2014,8.066835314,7.560080465,8.442469645,8.400884069
8/21/2010,2/14/2015,7.973499964,7.609366538,8.452974619,8.098946749
1/15/2011,2/13/2016,7.993619995,7.54009032,8.482601747,8.268475389
6/11/2011,2/18/2017,7.870165946,7.389563954,8.432724035,8.048468744
11/5/2011,2/17/2018,8.073714641,7.647308832,8.547528391,8.347116361
3/31/2012,2/16/2019,8.015987811,7.5750717,8.315077007,7.964155719
3/28/2010,2/16/2014,8.03592637,7.631431665,8.469262658,8.30498958
8/22/2010,2/15/2015,7.676473646,7.386470849,8.371473537,8.041734711
1/16/2011,2/14/2016,7.726653665,7.343426229,8.224163513,8.023879993
6/12/2011,2/19/2017,7.711996507,7.37337431,8.324336333,7.997663127
11/6/2011,2/18/2018,8.010359589,7.619724214,8.376550862,8.06714904
4/1/2012,2/17/2019,8.078688229,7.671360923,8.221478947,7.908019445
3/29/2010,2/17/2014,7.917900586,7.477604243,7.982074875,7.68386398
8/23/2010,2/16/2015,7.776954403,7.155396302,8.265392931,7.214504414
1/17/2011,2/15/2016,7.911324019,7.106606138,8.154500175,7.550135342
6/13/2011,2/20/2017,7.942006808,7.695303135,8.059592329,7.491645474
11/7/2011,2/19/2018,7.67971364,7.327123292,7.794411206,7.452982329
4/2/2012,2/18/2019,7.658699558,7.222566019,7.443078374,7.153051635
3/30/2010,2/18/2014,7.467942332,6.703188113,7.25629724,7.085901464
8/24/2010,2/17/2015,7.375255778,6.405228458,7.931284762,6.749931194
1/18/2011,2/16/2016,7.423568444,6.343880434,7.516433303,7.009408933
6/14/2011,2/21/2017,7.218909708,6.6147256,7.170888479,6.812345094
11/8/2011,2/20/2018,7.736307097,7.270312886,7.385851078,7.026426809
4/3/2012,2/19/2019,7.060476366,6.393590754,6.891625897,6.513230111
3/31/2010,2/19/2014,7.170119543,6.357842267,7.043159916,6.927557906
8/25/2010,2/18/2015,7.321849714,6.444131257,7.425357887,6.775366091
1/19/2011,2/17/2016,7.335633982,6.388561406,7.251344983,7.006695227
6/15/2011,2/22/2017,6.966024187,6.139884552,6.876264612,6.70930434
11/9/2011,2/21/2018,7.325807503,6.595780514,7.142827401,6.910750788
4/4/2012,2/20/2019,7.072421901,6.306275287,6.792344427,6.525029658
4/1/2010,2/20/2014,7.33432935,6.768493212,7.225481473,6.950814768
8/26/2010,2/19/2015,7.40731771,6.49375384,7.50659178,6.977281342
1/20/2011,2/18/2016,6.909753282,6.025865974,6.979145275,6.741700695
6/16/2011,2/23/2017,7.042286172,6.406879986,7.120444372,6.801283034
11/10/2011,2/22/2018,7.175489714,6.579251212,7.114769448,6.870053412
4/5/2012,2/21/2019,7.149916836,6.37331979,7.072421901,6.633318433
4/2/2010,2/21/2014,7.849323818,7.070724107,7.588323677,7.371489295
8/27/2010,2/20/2015,7.507690078,6.752270376,7.72753511,7.282073658
1/21/2011,2/19/2016,7.784889296,7.064759028,7.807510042,7.480428306
6/17/2011,2/24/2017,7.833600224,7.048386409,7.602401336,7.349873705
11/11/2011,2/23/2018,7.779048645,7.031741259,7.649692624,7.44132039
4/6/2012,2/22/2019,7.687997166,6.823286122,7.587310506,7.095893221
4/3/2010,2/22/2014,8.589699882,8.183955717,8.511376306,8.280711076
8/28/2010,2/21/2015,8.831419819,7.994632311,8.937087036,8.025189322
1/22/2011,2/20/2016,8.625688788,8.227642708,8.549273085,8.219056661
6/18/2011,2/25/2017,8.67180091,8.33710913,8.444192299,8.054840221
11/12/2011,2/24/2018,8.76013937,8.354203563,8.392536587,8.159374737
4/7/2012,2/23/2019,8.587465244,8.191186005,8.439880088,7.9686657
4/4/2010,2/23/2014,8.243282523,7.758333467,8.33423143,8.102889135
8/29/2010,2/22/2015,8.445482344,7.956827122,8.43402895,7.557472902
1/23/2011,2/21/2016,8.215006433,7.902857191,8.173857455,7.918264686
6/19/2011,2/26/2017,8.332789468,8.016317899,8.29304914,7.948385285
11/13/2011,2/25/2018,8.27614022,7.967626739,8.0522965,7.921172722
4/8/2012,2/24/2019,8.163940955,7.791522819,8.176110342,7.870929597
4/5/2010,2/24/2014,7.43543802,6.735780014,7.299797367,6.950814768
8/30/2010,2/23/2015,7.666221926,6.760414691,7.93522954,6.970730078
1/24/2011,2/22/2016,7.0800265,6.617402978,7.026426809,6.811244379
6/20/2011,2/27/2017,7.170888479,6.536691598,7.037905963,6.73459166
11/14/2011,2/26/2018,7.466799475,6.817830571,7.271008538,6.980075941
4/9/2012,2/25/2019,7.286191715,6.684611728,7.167037877,6.688354714
4/6/2010,2/25/2014,7.20489251,6.442540166,7.093404626,6.774223886
8/31/2010,2/24/2015,7.536363938,6.742880636,7.65396918,6.923628628
1/25/2011,2/23/2016,7.008505182,6.476972363,7.762170607,6.809039306
6/21/2011,2/28/2017,7.592870288,7.231287004,7.035268599,6.563855527
11/15/2011,2/27/2018,7.297091005,6.539585956,7.082548569,6.765038977
4/10/2012,2/26/2019,7.267525428,6.442540166,7.068172,6.593044534
4/7/2010,2/26/2014,7.395107547,6.680854679,7.210079628,6.918695219
9/1/2010,2/25/2015,7.21303166,6.335054251,7.173191742,6.706862337
1/26/2011,2/24/2016,7.34601021,6.635946556,7.327780538,6.977281342
6/22/2011,3/1/2017,7.773594467,7.106606138,7.209340257,6.811244379
11/16/2011,2/28/2018,7.115582126,6.363028104,6.909753282,6.706862337
4/11/2012,2/27/2019,7.197435354,6.398594935,6.940222469,6.561030666
4/8/2010,2/27/2014,7.312553498,6.522092798,7.225481473,6.913737351
9/2/2010,2/26/2015,7.880048201,6.787844982,7.784057003,6.720220155
1/27/2011,2/25/2016,7.374629015,6.711740395,7.416378479,6.928537818
6/23/2011,3/2/2017,7.593374193,6.870053412,7.299797367,6.933423026
11/17/2011,3/1/2018,7.338888134,6.56667243,7.194436851,7.035268599
4/12/2012,2/28/2019,7.145196135,6.28785856,6.927557906,6.527957918
4/9/2010,2/28/2014,7.883446354,7.143617603,7.768956045,7.551712215
9/3/2010,2/27/2015,8.275376375,7.327780538,7.802209316,7.325148958
1/28/2011,2/26/2016,7.831220215,7.13089883,7.723120092,7.465082736
6/24/2011,3/3/2017,7.934155234,7.275172319,7.637234389,7.300472814
11/18/2011,3/2/2018,7.801800402,7.019296654,7.652070746,7.368339686
4/13/2012,3/1/2019,7.588323677,6.622736324,7.694392803,7.217443432
4/10/2010,3/1/2014,8.46019947,8.078378104,8.50795061,8.313116703
9/4/2010,2/28/2015,8.865452826,8.428143375,8.688622307,8.185350223
1/29/2011,2/27/2016,8.483222672,8.115520882,8.466110401,8.114922974
6/25/2011,3/4/2017,8.648922962,8.267705665,8.488793717,7.939158818
11/19/2011,3/3/2018,8.569785642,8.112827479,8.456593569,8.066207568
4/14/2012,3/2/2019,8.515391569,7.903965634,8.508354243,7.83991936
4/11/2010,3/2/2014,8.389132521,8.129764446,8.269244521,7.954021087
9/5/2010,3/1/2015,8.51318517,8.091321274,8.543055851,7.925880317
1/30/2011,2/28/2016,8.176391597,7.728855824,8.236155662,7.850882665
6/26/2011,3/5/2017,8.100464891,7.707062655,8.138564737,7.689828669
11/20/2011,3/4/2018,8.045588281,7.7164608,7.988882253,7.829630389
4/15/2012,3/3/2019,8.538758969,7.932721027,8.478036476,7.882314919
4/12/2010,3/3/2014,7.327123292,6.763884909,7.135687347,6.948897222
9/6/2010,3/2/2015,7.572502985,6.784457063,7.444833274,6.680854679
1/31/2011,2/29/2016,6.963189986,6.386879319,6.962243464,6.683360946
6/27/2011,3/6/2017,6.688354714,6.156978986,6.679599186,6.421622268
11/21/2011,3/5/2018,7.094234846,7.014814351,6.742880636,6.432940093
4/16/2012,3/4/2019,8.072155308,7.275172319,7.934871566,7.236339343
4/13/2010,3/4/2014,7.280008253,6.595780514,7.100851909,6.818924065
9/7/2010,3/3/2015,7.870165946,6.921658184,7.119635638,6.439350371
2/1/2011,3/1/2016,6.977281342,6.063785209,6.950814768,6.625392368
6/28/2011,3/7/2017,6.956545443,6.620073207,6.799055862,6.548219103
11/22/2011,3/6/2018,7.186144305,6.514712691,6.900730664,6.698268054
4/17/2012,3/5/2019,7.148345744,6.406879986,7.00033446,6.248042875
4/14/2010,3/5/2014,7.452982329,6.603943825,7.252762418,6.877296071
9/8/2010,3/4/2015,7.636269603,7.493873887,7.128495946,6.522092798
2/2/2011,3/2/2016,6.887552572,5.983936281,6.651571874,6.609349243
6/29/2011,3/8/2017,7.316548177,6.643789733,7.031741259,6.873163834
11/23/2011,3/7/2018,7.209340257,6.398594935,6.91770561,6.762729507
4/18/2012,3/6/2019,6.744059186,5.880532986,6.758094504,6.439350371
4/15/2010,3/6/2014,7.492203043,6.612041035,7.286876412,7.118016204
9/9/2010,3/5/2015,7.682021511,6.988413182,7.437795122,7.055312843
2/3/2011,3/3/2016,7.458186157,6.523562306,7.279318835,7.025538315
6/30/2011,3/9/2017,7.296413269,6.595780514,7.008505182,6.841615476
11/24/2011,3/8/2018,7.374629015,6.405228458,7.059617628,6.782192056
4/19/2012,3/7/2019,7.134093721,6.541029999,7.622663951,7.350516172
4/16/2010,3/7/2014,7.843848638,6.859614904,7.563200592,7.344719054
9/10/2010,3/6/2015,8.051659557,7.420578905,7.825245291,7.518607217
2/4/2011,3/4/2016,7.798523054,6.96979067,7.624618986,7.368339686
7/1/2011,3/10/2017,7.671360923,6.851184927,7.413367336,7.215975003
11/25/2011,3/9/2018,7.697575347,6.842683282,7.449498005,7.284134806
4/20/2012,3/8/2019,7.635786861,6.74051936,7.930565854,7.613818685
4/17/2010,3/8/2014,8.699514748,8.041412909,8.579416535,8.215547412
9/11/2010,3/7/2015,8.807322268,8.418697945,8.529319371,8.222016437
2/5/2011,3/5/2016,8.5461693,8.021912779,8.413830678,7.987864096
7/2/2011,3/11/2017,8.370315996,7.854769183,8.141772205,7.826842098
11/26/2011,3/10/2018,8.487970333,7.76937861,8.219056661,7.989560449
4/21/2012,3/9/2019,8.589885877,8.012018239,8.474911799,7.708859601
4/18/2010,3/9/2014,8.264620829,7.865955414,8.13270649,7.944846711
9/12/2010,3/8/2015,8.22684089,7.923348212,8.201660191,7.870165946
2/6/2011,3/6/2016,7.913521017,7.458186157,7.966239777,7.670428522
7/3/2011,3/12/2017,7.5416831,7.23417718,7.619724214,7.383989458
11/27/2011,3/11/2018,8.067462667,7.54802897,8.002694162,7.74109909
4/22/2012,3/10/2019,8.096817471,7.498315871,7.990238186,7.625595072
4/19/2010,3/10/2014,7.305860033,6.603943825,7.094234846,6.807934944
9/13/2010,3/9/2015,7.324489979,6.658011046,7.167809184,6.784457063
2/7/2011,3/7/2016,7.160069208,6.86171134,6.791221463,6.553933404
7/4/2011,3/13/2017,7.006695227,6.302618976,6.977281342,6.721425701
11/28/2011,3/12/2018,6.884486652,6.295266001,6.816735881,6.733401892
4/23/2012,3/11/2019,7.00488199,6.265301213,6.862757913,6.539585956
4/20/2010,3/11/2014,6.982862751,6.049733455,6.914730893,6.774223886
9/14/2010,3/10/2015,7.288927695,6.529418838,7.009408933,6.603943825
2/8/2011,3/8/2016,7.360739903,7.220373837,7.037027615,6.599870499
7/5/2011,3/14/2017,7.245655068,6.487684018,6.831953566,6.602587892
11/29/2011,3/13/2018,7.208600338,6.313548046,6.826545224,6.723832441
4/24/2012,3/12/2019,6.880384082,6.182084907,6.755768922,6.591673732
4/21/2010,3/12/2014,7.356279877,6.434546519,7.454141078,6.920671504
9/15/2010,3/11/2015,7.205635176,6.440946541,7.001245622,6.751101469
2/9/2011,3/9/2016,7.168579897,6.66440902,6.974478911,6.805722553
7/6/2011,3/15/2017,7.291656209,6.304448802,6.843749949,6.716594774
11/30/2011,3/14/2018,7.122059882,6.284134161,6.71417053,6.683360946
4/25/2012,3/13/2019,7.019296654,6.308098442,6.65544035,6.406879986
4/22/2010,3/13/2014,7.365812837,6.552507887,7.13009851,6.947937069
9/16/2010,3/12/2015,6.963189986,6.289715571,6.89060912,6.65415252
2/10/2011,3/10/2016,7.349230825,6.668228248,7.100027167,6.902742737
7/7/2011,3/16/2017,7.25981961,6.423246964,6.881411304,6.665683718
12/1/2011,3/15/2018,6.883462586,5.996452089,6.756932389,6.601230119
4/26/2012,3/14/2019,7.436027816,6.568077911,6.827629235,6.91671502
4/23/2010,3/14/2014,7.784889296,6.950814768,7.529406458,7.41397029
9/17/2010,3/13/2015,7.461640392,6.685860947,7.322510434,7.289610521
2/11/2011,3/11/2016,7.761744985,6.946975992,7.375882148,7.153833802
7/8/2011,3/17/2017,7.614805365,6.802394763,7.278628942,6.946013991
12/2/2011,3/16/2018,7.452402451,6.994849986,7.206377291,7.395721609
4/27/2012,3/15/2019,7.782390336,6.901737207,7.33823815,7.224753406
4/24/2010,3/15/2014,8.285008895,7.695303135,8.083019919,7.953318347
9/18/2010,3/14/2015,8.401333305,7.763871288,8.167919363,7.867488569
2/12/2011,3/12/2016,8.167068178,7.879669915,8.029107055,7.643003636
7/9/2011,3/18/2017,8.203577737,7.479864131,7.879291485,7.415776975
12/3/2011,3/17/2018,8.329416784,7.731492029,8.076826031,7.663407665
4/28/2012,3/16/2019,8.574518258,7.874739125,8.043020885,7.722677516
4/25/2010,3/16/2014,8.29654652,7.69211334,8.091321274,7.731053144
9/19/2010,3/15/2015,8.078067882,7.472500745,7.949797216,7.485491608
2/13/2011,3/13/2016,7.917171989,7.610357618,7.935587386,7.602900462
7/10/2011,3/19/2017,7.897296473,7.255591274,7.75576717,7.350516172
12/4/2011,3/18/2018,7.791109511,7.35436233,7.823245691,7.54802897
4/29/2012,3/17/2019,8.240912542,7.730174795,7.967280179,7.536363938
4/26/2010,3/17/2014,7.217443432,6.487684018,7.030857476,6.746412129
9/20/2010,3/16/2015,7.280008253,6.450470422,7.148345744,6.666956792
2/14/2011,3/14/2016,6.807934944,6.234410726,6.826545224,6.784457063
7/11/2011,3/20/2017,6.986566459,6.434546519,6.91968385,6.490723535
12/5/2011,3/19/2018,7.641564441,7.189922171,7.429520843,7.153833802
4/30/2012,3/18/2019,7.368339686,6.705639095,7.074963198,6.818924065
4/27/2010,3/18/2014,7.31986493,6.480044562,6.924612396,6.658011046
9/21/2010,3/17/2015,7.290974778,6.490723535,6.979145275,6.570882962
2/15/2011,3/15/2016,7.707512195,6.921658184,7.211556733,7.549082711
7/12/2011,3/21/2017,6.905753276,6.274762021,6.855408799,6.484635236
12/6/2011,3/20/2018,7.239932591,6.588926478,7.138867,6.816735881
5/1/2012,3/19/2019,7.284820913,6.72982407,7.099201744,6.722629795
4/28/2010,3/19/2014,7.65396918,6.562444094,7.158513997,6.942156706
9/22/2010,3/18/2015,6.573680167,5.986452005,6.586171655,6.366470448
2/16/2011,3/16/2016,7.687538766,7.094234846,7.553286606,7.563719668
7/13/2011,3/22/2017,6.899723107,6.159095388,6.839476438,6.56948142
12/7/2011,3/21/2018,7.113142109,6.335054251,7.10824414,6.822197391
5/2/2012,3/20/2019,7.46221494,6.725033642,7.160069208,6.839476438
4/29/2010,3/20/2014,7.471932078,6.548219103,7.163172391,6.942156706
9/23/2010,3/19/2015,7.010311867,6.517671273,7.303843225,6.675823222
2/17/2011,3/17/2016,7.531552381,6.504288174,7.321849714,7.379008128
7/14/2011,3/23/2017,6.891625897,6.163314804,6.844815479,6.424869024
12/8/2011,3/22/2018,7.190676034,6.458338283,7.023758955,6.800170068
5/3/2012,3/21/2019,7.122059882,6.380122537,7.0800265,6.826545224
4/30/2010,3/21/2014,7.69802917,6.88857246,7.531016332,7.261225092
9/24/2010,3/20/2015,7.507690078,6.838405201,7.611347717,7.142036575
2/18/2011,3/18/2016,7.964850887,6.972606251,7.95927596,7.818027939
7/15/2011,3/24/2017,7.302496424,7.074963198,7.430707083,7.221835825
12/9/2011,3/23/2018,7.058758153,6.137727054,7.242797923,7.023758955
5/4/2012,3/22/2019,7.475339237,6.8134446,7.486052618,7.075808864
5/1/2010,3/22/2014,8.297543529,7.677400431,8.133293861,7.918628653
9/25/2010,3/21/2015,8.353497099,7.648263031,8.141772205,7.656337166
2/19/2011,3/19/2016,8.747987402,8.11939859,8.499843553,8.294549515
7/16/2011,3/25/2017,8.377701213,7.643003636,8.056743775,7.665753432
12/10/2011,3/24/2018,8.535818656,7.876638461,8.395477433,7.801800402
5/5/2012,3/23/2019,8.195609567,7.751475318,8.02975852,7.709756864
5/2/2010,3/23/2014,8.515191189,8.048788284,8.287276756,7.877397186
9/26/2010,3/22/2015,8.07184315,7.470793774,8.058010801,7.481555702
2/20/2011,3/20/2016,8.471777328,7.950854858,8.345692873,8.029107055
7/17/2011,3/26/2017,7.73587032,7.336936914,7.902117546,7.72753511
12/11/2011,3/25/2018,8.199189359,7.644440762,7.986504939,7.591357047
5/6/2012,3/24/2019,7.955074273,7.557994959,7.889833751,7.548555979
5/3/2010,3/24/2014,7.901377354,7.35436233,7.707062655,7.374001859
9/27/2010,3/23/2015,7.487173694,6.972606251,7.672757897,7.018401799
2/21/2011,3/21/2016,7.815610532,7.268920128,7.715123604,7.366445148
7/18/2011,3/27/2017,7.420578905,7.021083964,7.485491608,6.943122423
12/12/2011,3/26/2018,7.558516743,7.068172,7.651595574,7.087573706
5/7/2012,3/25/2019,7.737616283,7.231287004,7.636269603,6.965080346
5/4/2010,3/25/2014,7.871311203,7.403061091,7.761319181,7.391415235
9/28/2010,3/24/2015,7.476472381,6.837332815,7.676009932,7.28276118
2/22/2011,3/22/2016,7.407924323,6.874198495,7.513163545,7.158513997
7/19/2011,3/28/2017,7.380255788,6.927557906,7.53369371,6.901737207
12/13/2011,3/27/2018,7.553810852,7.018401799,7.772752716,7.295735073
5/8/2012,3/26/2019,7.552762084,7.112327445,7.443663683,6.82437367
5/5/2010,3/26/2014,7.584773078,7.048386409,7.584773078,7.306531399
9/29/2010,3/25/2015,7.46221494,6.687108608,7.502738211,7.221835825
2/23/2011,3/23/2016,7.836369761,7.674152921,7.527793988,7.138867
7/20/2011,3/29/2017,7.616283562,6.710523109,8.063062911,7.530479995
12/14/2011,3/28/2018,7.271703707,6.746412129,7.479864131,7.14440718
5/9/2012,3/27/2019,7.573531263,6.991176887,7.358193753,6.763884909
5/6/2010,3/27/2014,7.857093865,7.40731771,7.880804345,7.499976541
9/30/2010,3/26/2015,7.730614066,7.069874128,7.736307097,7.275172319
2/24/2011,3/24/2016,8.128290172,7.361375429,7.939515261,7.503289631
7/21/2011,3/30/2017,7.434257382,6.913737351,7.640603826,7.194436851
12/15/2011,3/29/2018,7.708410667,6.820016365,7.946263644,7.45760929
5/10/2012,3/28/2019,7.522400231,7.009408933,7.383368147,6.820016365
5/7/2010,3/28/2014,8.211482916,7.707062655,8.236155662,7.656337166
10/1/2010,3/27/2015,7.818430272,7.104965448,7.865571758,7.383989458
2/25/2011,3/25/2016,8.004031508,7.222566019,7.988203597,7.802618063
7/22/2011,3/31/2017,7.363913501,6.689599269,7.530479995,7.137278437
12/16/2011,3/30/2018,7.971430998,7.22620901,8.060540047,7.521859252
5/11/2012,3/29/2019,7.377758908,6.989335266,7.472500745,6.902742737
5/8/2010,3/29/2014,8.534640105,7.994632311,8.310414994,7.907651595
10/2/2010,3/28/2015,8.212568398,7.396335294,8.075582637,7.571988449
2/26/2011,3/26/2016,8.618304693,8.209308412,8.521185213,7.983440063
7/23/2011,4/1/2017,8.097426299,7.29301768,8.513586696,7.796057974
12/17/2011,3/31/2018,8.161660452,7.5416831,7.992606652,7.661997559
5/12/2012,3/30/2019,8.26436333,7.736743682,8.16251625,7.539027056
5/9/2010,3/30/2014,7.899895323,7.427738841,7.734996194,7.471363088
10/3/2010,3/29/2015,7.835183755,7.058758153,7.750184162,7.240649694
2/27/2011,3/27/2016,8.30647216,7.765993079,8.157083785,7.7419679
7/24/2011,4/2/2017,7.491645474,6.900730664,7.868254266,7.566828479
12/18/2011,4/1/2018,7.755338813,7.071573364,7.555381944,7.26961675
5/13/2012,3/31/2019,7.848933726,7.310550159,7.699842407,7.303843225
5/10/2010,3/31/2014,7.111512116,6.635946556,7.23489842,6.690842277
10/4/2010,3/30/2015,7.050989447,6.343880434,6.957497371,6.463029457
2/28/2011,3/28/2016,7.444248649,6.893656355,7.362010551,6.989335266
7/25/2011,4/3/2017,6.464588304,5.707110265,6.679599186,6.098074282
12/19/2011,4/2/2018,6.632001777,5.811140993,6.356107661,6.135564891
5/14/2012,4/1/2019,6.883462586,6.00635316,6.735780014,6.255750042
5/11/2010,4/1/2014,7.081708586,6.431331082,6.944087208,6.587550015
10/5/2010,3/31/2015,7.053585727,6.167516491,6.946013991,6.269096284
3/1/2011,3/29/2016,7.235619141,6.7310181,7.061334367,6.761572769
7/26/2011,4/4/2017,6.829793738,5.736572297,6.997595983,6.214608098
12/20/2011,4/3/2018,6.732210706,5.872117789,6.56526497,6.302618976
5/15/2012,4/2/2019,6.383506635,5.723585102,6.206575927,5.786897381
5/12/2010,4/2/2014,6.937314081,6.43775165,7.013915475,6.543911846
10/6/2010,4/1/2015,6.844815479,5.991464547,6.66057515,6.095824562
3/2/2011,3/30/2016,7.638679824,7.037905963,7.019296654,6.749931194
7/27/2011,4/5/2017,7.239214974,5.96870756,7.887959337,6.694562059
12/21/2011,4/4/2018,6.633318433,5.529429088,6.380122537,6.257667588
5/16/2012,4/3/2019,6.390240667,5.509388337,6.226536669,5.926926026
5/13/2010,4/3/2014,7.100027167,6.674561392,7.193685818,7.01571242
10/7/2010,4/2/2015,6.495265556,5.673323267,6.680854679,6.289715571
3/3/2011,3/31/2016,7.682021511,7.286191715,7.404279118,6.839476438
7/28/2011,4/6/2017,6.894670039,5.733341277,7.051855623,6.29156914
12/22/2011,4/5/2018,6.830874235,5.655991811,6.388561406,6.280395839
5/17/2012,4/4/2019,6.838405201,5.831882477,6.622736324,6.340359304
5/14/2010,4/4/2014,7.659642955,6.902742737,7.494986234,7.177782416
10/8/2010,4/3/2015,7.518064181,6.69950034,7.922261058,7.52131798
3/4/2011,4/1/2016,8.024534872,7.18690102,7.569927655,7.34536484
7/29/2011,4/7/2017,7.126890809,5.749392986,6.945051064,6.388561406
12/23/2011,4/6/2018,7.020190708,5.468060141,6.793466133,6.677083461
5/18/2012,4/5/2019,7.244941546,6.222576268,6.790097236,6.415096959
5/15/2010,4/5/2014,8.282988693,7.577633833,8.02486215,7.625107148
10/9/2010,4/4/2015,7.98752448,7.079184395,7.994632311,7.616775809
3/5/2011,4/2/2016,8.722905701,7.9490915,8.206037763,7.873217055
7/30/2011,4/8/2017,7.607381426,6.629363253,7.712443834,7.134890852
12/24/2011,4/7/2018,8.012349639,6.853299093,8.043663352,7.863651265
5/19/2012,4/6/2019,7.896180609,7.218176838,7.623641947,7.272398393
5/16/2010,4/6/2014,7.685243608,7.368339686,7.877776333,7.514254653
10/10/2010,4/5/2015,7.577633833,6.762729507,7.522400231,6.856461985
3/6/2011,4/3/2016,8.204945165,7.754052639,7.980707821,7.588829878
7/31/2011,4/9/2017,7.665753432,7.082548569,7.341483852,7.104144093
12/25/2011,4/8/2018,7.946263644,6.812345094,8.174421153,7.997999318
5/20/2012,4/7/2019,7.729295674,7.258412151,7.510977752,7.493317249
5/17/2010,4/7/2014,7.136483209,5.905361848,7.03966035,6.459904454
10/11/2010,4/6/2015,6.553933404,5.476463552,6.49677499,5.926926026
3/7/2011,4/4/2016,7.11395611,6.17586727,6.796823718,6.517671273
8/1/2011,4/10/2017,6.975413927,6.077642243,6.383506635,6.124683391
12/26/2011,4/9/2018,6.996681488,5.910796644,7.440733707,
5/21/2012,4/8/2019,6.725033642,5.713732806,6.588926478,
5/18/2010,4/8/2014,6.988413182,5.96100534,6.961296046,6.472346295
10/12/2010,4/7/2015,6.647688374,5.438079309,6.552507887,5.932245187
3/8/2011,4/5/2016,6.280395839,5.323009979,6.403574198,6.280395839
8/2/2011,4/11/2017,6.613384218,5.283203729,6.214608098,6.09356977
12/27/2011,4/10/2018,6.945051064,5.556828062,6.926577033,
5/22/2012,4/9/2019,6.552507887,5.267858159,6.388561406,
5/19/2010,4/9/2014,6.894670039,5.84932478,6.677083461,6.242223265
10/13/2010,4/8/2015,6.308098442,5.176149733,6.431331082,5.703782475
3/9/2011,4/6/2016,7.135687347,6.184148891,7.181591945,6.704414355
8/3/2011,4/12/2017,6.682108597,5.209486153,6.224558429,6.073044534
12/28/2011,4/11/2018,6.646390515,5.147494477,6.480044562,
5/23/2012,4/10/2019,6.364750757,5.267858159,6.212606096,
5/20/2010,4/10/2014,6.745236349,5.710427017,6.717804695,6.208590026
10/14/2010,4/9/2015,6.298949247,5.375278408,6.416732283,5.771441123
3/10/2011,4/7/2016,7.164720379,6.084499413,6.833031733,6.6147256
8/4/2011,4/13/2017,6.59441346,5.318119994,6.29710932,6.01615716
12/29/2011,4/12/2018,6.363028104,4.905274778,6.32256524,
5/24/2012,4/11/2019,7.512617545,6.324358962,7.13009851,
5/21/2010,4/11/2014,7.268223021,6.021023349,7.096721378,6.626717749
10/15/2010,4/10/2015,7.045776577,5.598421959,6.872128101,6.135564891
3/11/2011,4/8/2016,7.346655163,6.263398263,6.920671504,6.779921907
8/5/2011,4/14/2017,6.950814768,5.697093487,6.796823718,6.552507887
12/30/2011,4/13/2018,6.878326468,6.109247583,7.255591274,
5/25/2012,4/12/2019,7.454141078,6.293419279,7.237059026,
5/22/2010,4/12/2014,8.215006433,6.922643891,7.791935957,7.262628601
10/16/2010,4/11/2015,7.483806688,6.253828812,7.676009932,6.986566459
3/12/2011,4/9/2016,8.064950892,7.035268599,7.739359203,7.253470383
8/6/2011,4/15/2017,7.814399634,6.562444094,7.300472814,7.074963198
12/31/2011,4/14/2018,8.197814032,7.13169851,8.243282523,
5/26/2012,4/13/2019,8.24617156,7.416979621,8.017307508,
5/23/2010,4/13/2014,7.474204806,6.100318952,7.590852124,7.33171497
10/17/2010,4/12/2015,6.896694332,6.632001777,7.067319849,7.145196135
3/13/2011,4/10/2016,7.778630147,6.993932975,7.203405521,7.449498005
8/7/2011,4/16/2017,7.439559309,6.756932389,7.051855623,6.844815479
1/1/2012,4/15/2018,8.483222672,6.877296071,7.864419905,
5/27/2012,4/14/2019,7.952263309,7.443078374,7.784057003,
5/24/2010,4/14/2014,7.440733707,6.228511004,7.763446389,6.983789965
10/18/2010,4/13/2015,6.366470448,,6.380122537,
3/14/2011,4/11/2016,6.403574198,,6.502790046,
8/8/2011,4/17/2017,6.267200549,,6.182084907,
1/2/2012,4/16/2018,,,6.429719478,
5/28/2012,4/15/2019,7.006695227,,6.760414691,
5/25/2010,4/15/2014,6.843749949,5.736572297,6.719013154,6.263398263
10/19/2010,4/14/2015,6.342121419,,6.385194399,
3/15/2011,4/12/2016,6.336825731,,6.436150368,
8/9/2011,4/18/2017,6.342121419,,6.073044534,
1/3/2012,4/17/2018,,,5.85220248,
5/29/2012,4/16/2019,6.612041035,,6.272877007,
5/26/2010,4/16/2014,6.522092798,5.375278408,6.329720906,6.068425588
10/20/2010,4/15/2015,5.730099783,,6.089044875,
3/16/2011,4/13/2016,6.825460036,,6.473890696,
8/10/2011,4/19/2017,5.351858133,,5.583496309,
1/4/2012,4/18/2018,,,6.800170068,
5/30/2012,4/17/2019,6.599870499,,6.234410726,
5/27/2010,4/17/2014,6.978213743,5.713732806,6.646390515,6.398594935
10/21/2010,4/16/2015,5.866468057,,6.313548046,
3/17/2011,4/14/2016,6.483107351,,6.421622268,
8/11/2011,4/20/2017,6.17586727,,5.880532986,
1/5/2012,4/19/2018,,,6.390240667,
5/31/2012,4/18/2019,6.755768922,,6.340359304,
5/28/2010,4/18/2014,7.525100746,6.008813185,7.468513271,6.831953566
10/22/2010,4/17/2015,6.413458957,,7.65349491,
3/18/2011,4/15/2016,6.378426184,,6.561030666,
8/12/2011,4/21/2017,6.6147256,,6.6147256,
1/6/2012,4/20/2018,,,6.701960366,
6/1/2012,4/19/2019,7.674617497,,7.302496424,
5/29/2010,4/19/2014,8.152198016,6.64118217,7.738052298,7.110696123
10/23/2010,4/18/2015,7.905072849,,8.345217927,
3/19/2011,4/16/2016,8.402679805,,8.583542572,
8/13/2011,4/22/2017,7.862882035,,7.452402451,
1/7/2012,4/21/2018,,,8.063062911,
6/2/2012,4/20/2019,8.276903481,,7.625595072,
